{
"type": "FeatureCollection",
"name": "Albania",
"crs": { "type": "name", "properties": { "name": "urn:ogc:def:crs:OGC:1.3:CRS84" } },
"features": [
{ "type": "Feature", "properties": { "id": 1, "Name1": null, "area1": null }, "geometry": { "type": "MultiPolygon", "coordinates": [ [ [ [ 19.265723233440497, 40.51274141948096 ], [ 19.270391257150834, 40.514351827374981 ], [ 19.272138484303639, 40.511810595082977 ], [ 19.27484824774848, 40.511080877080872 ], [ 19.276674063057612, 40.505459884965774 ], [ 19.281789464412327, 40.502711945300064 ], [ 19.289587503860275, 40.500260271994023 ], [ 19.292212557463586, 40.49619127590671 ], [ 19.293351181911589, 40.491073312383492 ], [ 19.286585769217936, 40.47941990540437 ], [ 19.288687076547376, 40.476113424694859 ], [ 19.286222579808282, 40.473894160487191 ], [ 19.279478323665728, 40.474692973402057 ], [ 19.278526105295555, 40.479043370055535 ], [ 19.275732284917069, 40.483109541372301 ], [ 19.274029681224874, 40.490529560690732 ], [ 19.268259111169073, 40.492625040413316 ], [ 19.266665738233257, 40.497776462313936 ], [ 19.263647531608342, 40.501927237352163 ], [ 19.263864596473979, 40.50655178783478 ], [ 19.265653730235499, 40.508889309294261 ], [ 19.265723233440497, 40.51274141948096 ] ] ], [ [ [ 19.453835706452764, 40.990493976216101 ], [ 19.457115622987658, 40.98784279910592 ], [ 19.462722510135791, 40.987147554815863 ], [ 19.463102918864649, 40.985355572002106 ], [ 19.451497803680752, 40.98905106795246 ], [ 19.453835706452764, 40.990493976216101 ] ] ], [ [ [ 20.459114609000039, 41.54828550700006 ], [ 20.462150938000036, 41.547250928000039 ], [ 20.46324145400007, 41.543573497000068 ], [ 20.470383970000057, 41.543422848000034 ], [ 20.473358386000029, 41.53588515000007 ], [ 20.473042641000063, 41.532043132000069 ], [ 20.470078596000064, 41.529273953000029 ], [ 20.467433399000072, 41.528368908000061 ], [ 20.462677909000035, 41.529253294000057 ], [ 20.458578318000036, 41.527243198000065 ], [ 20.454260955000052, 41.522709900000052 ], [ 20.453396226000052, 41.517002303000027 ], [ 20.454962698000031, 41.513597265000044 ], [ 20.461583372000064, 41.509680334000052 ], [ 20.466138045000037, 41.508161394000069 ], [ 20.471761431000061, 41.509540128000026 ], [ 20.477118848000032, 41.507404936000057 ], [ 20.471405487000027, 41.502446698000028 ], [ 20.469311069000071, 41.499323630000049 ], [ 20.46940328900007, 41.49730818300003 ], [ 20.470943584000054, 41.496250191000058 ], [ 20.475402068000051, 41.49650882800006 ], [ 20.47823386400006, 41.498797541000044 ], [ 20.481251104000023, 41.497347594000075 ], [ 20.482003167000073, 41.494873140000038 ], [ 20.487752146000048, 41.494179125000073 ], [ 20.494414638000023, 41.490990989000068 ], [ 20.498744712000075, 41.484665545000041 ], [ 20.501444254000035, 41.477702672000078 ], [ 20.503174083000033, 41.475265744000069 ], [ 20.502046804000031, 41.467967798000075 ], [ 20.504547346000038, 41.462165172000027 ], [ 20.507540429000073, 41.457892922000042 ], [ 20.508349965000036, 41.455143434000036 ], [ 20.510800024000048, 41.453491307000036 ], [ 20.51253938900004, 41.449829797000064 ], [ 20.508250665000048, 41.44665115600003 ], [ 20.50782765200006, 41.444349969000029 ], [ 20.513437230000022, 41.437678343000073 ], [ 20.518154762000052, 41.437349470000072 ], [ 20.521740539000064, 41.438665418000028 ], [ 20.527933703000031, 41.436211933000038 ], [ 20.531844214000046, 41.436191788000031 ], [ 20.538973532000057, 41.436484893000056 ], [ 20.540396, 41.433336 ], [ 20.538485, 41.427034 ], [ 20.542307, 41.425196 ], [ 20.557069097000067, 41.416684869000051 ], [ 20.560075349000044, 41.408385441000064 ], [ 20.561167728000044, 41.405636207000043 ], [ 20.561223073000065, 41.40141428000004 ], [ 20.554909758000065, 41.400545872000066 ], [ 20.552249755000048, 41.396087713000043 ], [ 20.552369448000036, 41.39354412800003 ], [ 20.550452285000063, 41.391213235000066 ], [ 20.550376761000052, 41.387877077000041 ], [ 20.546114936000038, 41.385298083000066 ], [ 20.54564640500007, 41.383697484000038 ], [ 20.55172729700007, 41.379892411000071 ], [ 20.551531237000063, 41.37696322000005 ], [ 20.548285391000036, 41.373631728000078 ], [ 20.545296363000034, 41.372285496000075 ], [ 20.544094551000057, 41.369955768000068 ], [ 20.540942932000064, 41.368383528000038 ], [ 20.536550136000074, 41.363690912000038 ], [ 20.537541115000067, 41.359601811000061 ], [ 20.527108403000057, 41.353711295000039 ], [ 20.526527009000063, 41.34381389300006 ], [ 20.521042254000065, 41.339789318000044 ], [ 20.520519293000063, 41.337888637000049 ], [ 20.515763611000068, 41.336938401000054 ], [ 20.51058568600007, 41.34238629400005 ], [ 20.502369224000063, 41.347127792000038 ], [ 20.497450636000053, 41.346327133000045 ], [ 20.49657475600003, 41.341009576000033 ], [ 20.498175219000075, 41.337265492000029 ], [ 20.491321758000026, 41.332901910000032 ], [ 20.494756234000022, 41.329140319000032 ], [ 20.498433248000026, 41.327865084000052 ], [ 20.499616893000052, 41.326076650000061 ], [ 20.498701, 41.322267 ], [ 20.499415244000033, 41.320357656000056 ], [ 20.501595587000054, 41.316907022000066 ], [ 20.506075850000059, 41.311881661000029 ], [ 20.507478160000062, 41.306918401000075 ], [ 20.506408601000032, 41.304570540000043 ], [ 20.509431287000041, 41.301892742000064 ], [ 20.507048603000044, 41.296262695000053 ], [ 20.509146119000036, 41.292610454000055 ], [ 20.508800888000053, 41.290143473000057 ], [ 20.514048370000069, 41.286612485000035 ], [ 20.513383376000036, 41.282262416000037 ], [ 20.511535666000043, 41.279798795000033 ], [ 20.510302228000057, 41.273900780000076 ], [ 20.512397385000043, 41.268137790000026 ], [ 20.511448482000048, 41.264233597000043 ], [ 20.514816686000074, 41.259829488000037 ], [ 20.514213778000055, 41.255414249000069 ], [ 20.518021264000026, 41.250187657000026 ], [ 20.520743519000064, 41.246844329000055 ], [ 20.520943966000061, 41.244969977000039 ], [ 20.517065033000051, 41.240788010000074 ], [ 20.516409451000072, 41.237934977000066 ], [ 20.516938515000049, 41.23405890600003 ], [ 20.515045183000041, 41.232089024000061 ], [ 20.517666683000073, 41.229091151000034 ], [ 20.52161000500007, 41.227144465000038 ], [ 20.52522607800006, 41.217059513000038 ], [ 20.528790753000067, 41.215037314000028 ], [ 20.529255373000069, 41.212617754000064 ], [ 20.531608390000031, 41.211060368000062 ], [ 20.532364675000053, 41.207671620000042 ], [ 20.53146730900005, 41.204200204000074 ], [ 20.533731257000056, 41.199118001000045 ], [ 20.53598478400005, 41.198234657000057 ], [ 20.538337480000052, 41.194445190000067 ], [ 20.546042534000037, 41.195606310000073 ], [ 20.550294732000054, 41.192280605000064 ], [ 20.553843550000067, 41.190904923000062 ], [ 20.557907917000023, 41.193813651000028 ], [ 20.560218945000031, 41.189155223000057 ], [ 20.559961470000076, 41.184584306000033 ], [ 20.558706521000033, 41.183264188000066 ], [ 20.560246686000028, 41.180699006000054 ], [ 20.563691367000047, 41.178850968000063 ], [ 20.569579306000037, 41.170300749000035 ], [ 20.570430817000044, 41.166877035000027 ], [ 20.574864859000058, 41.165123158000029 ], [ 20.576639499000066, 41.161308296000072 ], [ 20.58071091000005, 41.158853323000073 ], [ 20.583133705000023, 41.154952156000036 ], [ 20.581713232000027, 41.154051123000045 ], [ 20.583390526000073, 41.148322239000038 ], [ 20.586058705000028, 41.147492836000026 ], [ 20.590336940000043, 41.142756929000029 ], [ 20.591349455000056, 41.138246224000056 ], [ 20.596503983000048, 41.132081088000064 ], [ 20.597528431000057, 41.127777663000074 ], [ 20.596737670000039, 41.125935448000064 ], [ 20.590404011000032, 41.125070833000052 ], [ 20.587835294000058, 41.118043398000054 ], [ 20.585257287000047, 41.116856717000076 ], [ 20.582258950000039, 41.113283386000035 ], [ 20.585081526000067, 41.10821762900008 ], [ 20.590157557000055, 41.104180480000025 ], [ 20.592391578000047, 41.101093936000041 ], [ 20.595759700000031, 41.092480075000026 ], [ 20.613535, 41.089233 ], [ 20.629691, 41.087788 ], [ 20.632850181000038, 41.086441346000072 ], [ 20.66972, 41.087268 ], [ 20.676598, 41.070327 ], [ 20.697276, 41.016166 ], [ 20.70019, 41.00901 ], [ 20.702344, 40.998573 ], [ 20.70485, 40.989241 ], [ 20.712680012000078, 40.96624584500006 ], [ 20.725233947000049, 40.930177233000052 ], [ 20.732585134000033, 40.911970925000048 ], [ 20.744963494000046, 40.907099491000054 ], [ 20.758577789000071, 40.902888788000041 ], [ 20.761620090000065, 40.902687588000049 ], [ 20.773466047000056, 40.904814535000071 ], [ 20.778523872000051, 40.901911522000034 ], [ 20.781261942000071, 40.903377416000069 ], [ 20.789457139000035, 40.902748667000026 ], [ 20.794387500000028, 40.901671147000059 ], [ 20.801317357000073, 40.898239459000081 ], [ 20.805274725000061, 40.899631777000025 ], [ 20.811882221000076, 40.898913165000067 ], [ 20.818444659000022, 40.901251262000073 ], [ 20.826359, 40.905338 ], [ 20.827728903000036, 40.910051663000047 ], [ 20.827573, 40.913003 ], [ 20.829908, 40.916813 ], [ 20.837740093000036, 40.927680639000073 ], [ 20.847997656000075, 40.937689091000038 ], [ 20.85748, 40.93377 ], [ 20.888341, 40.92355 ], [ 20.891375, 40.922961 ], [ 20.897577647000048, 40.918977472000051 ], [ 20.911303651000026, 40.917522700000063 ], [ 20.915668784000047, 40.923498986000027 ], [ 20.921487037000077, 40.922635649000028 ], [ 20.930683862000024, 40.922448919000033 ], [ 20.935015817000078, 40.924614258000076 ], [ 20.94078131200007, 40.924190969000051 ], [ 20.942492607000077, 40.922035910000034 ], [ 20.947898700000053, 40.922103230000062 ], [ 20.950409004000051, 40.919807324000033 ], [ 20.956292950000034, 40.917207241000028 ], [ 20.958326304000025, 40.913882907000072 ], [ 20.961974688000055, 40.911350310000046 ], [ 20.968463344000043, 40.911035974000072 ], [ 20.971945351000045, 40.903608226000074 ], [ 20.977305029000036, 40.901623160000042 ], [ 20.979396611000027, 40.897491159000026 ], [ 20.977792273000034, 40.893152279000049 ], [ 20.977282, 40.886209 ], [ 20.979573, 40.863074 ], [ 20.980685912000069, 40.853951065000047 ], [ 20.983639, 40.824456 ], [ 20.984018254000034, 40.792182790000027 ], [ 20.98012030700005, 40.788187923000066 ], [ 20.976215, 40.7816 ], [ 20.969636254000022, 40.777942329000041 ], [ 20.968756839000037, 40.775899501000026 ], [ 20.959404142000039, 40.772020653000027 ], [ 20.966873365000026, 40.76765630400007 ], [ 20.971232075000046, 40.762602620000052 ], [ 20.980145065000045, 40.761738500000035 ], [ 20.982319834000066, 40.760856367000031 ], [ 20.985124455000062, 40.756706582000049 ], [ 20.984298763000027, 40.745963890000041 ], [ 20.983246785000063, 40.742743039000061 ], [ 20.983044757000073, 40.737898778000044 ], [ 20.986289086000056, 40.73580068900003 ], [ 20.988309363000042, 40.731928506000031 ], [ 20.993882953000025, 40.730595703000063 ], [ 20.996913370000073, 40.728506390000064 ], [ 21.001381748000028, 40.727839957000072 ], [ 21.002677103000053, 40.726182853000068 ], [ 21.009141991000035, 40.722931565000067 ], [ 21.011102849000054, 40.720535779000045 ], [ 21.016445505000036, 40.716394704000038 ], [ 21.024541, 40.709 ], [ 21.028436, 40.704216 ], [ 21.039057704000072, 40.689723728000047 ], [ 21.044137, 40.681862 ], [ 21.057282, 40.667603 ], [ 21.055213, 40.655829 ], [ 21.053387, 40.642582 ], [ 21.051927, 40.635131 ], [ 21.055335, 40.627404 ], [ 21.05643, 40.617009 ], [ 21.051336639000056, 40.616381188000048 ], [ 21.045175980000067, 40.614400157000034 ], [ 21.044876504000058, 40.61077352500007 ], [ 21.046587798000076, 40.609052160000033 ], [ 21.04623127900004, 40.60480810100006 ], [ 21.048013876000027, 40.603119064000055 ], [ 21.045503978000056, 40.59484649500007 ], [ 21.042409389000056, 40.594272575000048 ], [ 21.040121017000047, 40.59171163700006 ], [ 21.046315744000026, 40.577959055000065 ], [ 21.045829328000025, 40.574942306000025 ], [ 21.04692265400007, 40.57253217300007 ], [ 21.043065622000029, 40.564269040000056 ], [ 21.041687731000025, 40.56004069100004 ], [ 21.042578379000076, 40.557732178000037 ], [ 21.03895910500006, 40.557483329000036 ], [ 21.03240158400007, 40.554244532000041 ], [ 21.028064766000057, 40.554557341000077 ], [ 21.022609008000074, 40.556446625000035 ], [ 21.020131745000072, 40.555219902000033 ], [ 21.014776471000062, 40.554701718000047 ], [ 21.009356861000072, 40.551263549000055 ], [ 21.004377480000073, 40.550710901000059 ], [ 21.003652556000077, 40.547839358000033 ], [ 21.001442135000048, 40.546015231000069 ], [ 21.001073732000066, 40.542989961000046 ], [ 20.998138388000029, 40.541861094000069 ], [ 21.000206201000026, 40.537833141000078 ], [ 21.00006359300005, 40.535566182000025 ], [ 20.995333766000044, 40.532811408000043 ], [ 20.978439539000078, 40.523858570000073 ], [ 20.975832325000056, 40.51945018400005 ], [ 20.970639022000057, 40.520552326000029 ], [ 20.967751214000032, 40.518727457000068 ], [ 20.968036429000051, 40.515818404000072 ], [ 20.96485152200006, 40.511048006000067 ], [ 20.964007758000037, 40.50671098600003 ], [ 20.967561070000045, 40.502671884000051 ], [ 20.967061943000033, 40.500964003000036 ], [ 20.969866563000039, 40.497783071000072 ], [ 20.968297878000044, 40.49057119500003 ], [ 20.968666281000026, 40.488121873000068 ], [ 20.964257322000037, 40.485193414000037 ], [ 20.959872131000054, 40.483611633000066 ], [ 20.956473311000025, 40.477320291000069 ], [ 20.953490430000045, 40.47549424400006 ], [ 20.953098258000068, 40.472908768000025 ], [ 20.955629195000029, 40.468984122000052 ], [ 20.931843, 40.462534 ], [ 20.921776464000061, 40.465667966000069 ], [ 20.917688373000033, 40.467852303000029 ], [ 20.915682356000048, 40.471996562000072 ], [ 20.90902019300006, 40.474397656000065 ], [ 20.90550253300006, 40.476377409000065 ], [ 20.902686028000062, 40.474786379000079 ], [ 20.897314467000058, 40.475238380000064 ], [ 20.893095652000056, 40.474677898000039 ], [ 20.888662924000073, 40.476259891000041 ], [ 20.884182662000057, 40.473113949000037 ], [ 20.880177758000059, 40.474117412000055 ], [ 20.875222136000048, 40.473999890000073 ], [ 20.874021853000045, 40.471884461000059 ], [ 20.862482503000024, 40.473737725000035 ], [ 20.858596438000063, 40.477245228000072 ], [ 20.854912403000071, 40.47899891000003 ], [ 20.847068972000045, 40.479098345000068 ], [ 20.844133628000066, 40.480427134000024 ], [ 20.837621202000037, 40.474759259000052 ], [ 20.837621202000037, 40.472481127000037 ], [ 20.832000077000032, 40.466351483000039 ], [ 20.831798050000032, 40.459317073000079 ], [ 20.82958762800007, 40.454189988000053 ], [ 20.826794891000077, 40.450464242000066 ], [ 20.826545327000076, 40.448456594000049 ], [ 20.821969992000049, 40.446783508000067 ], [ 20.820448842000076, 40.44292168700008 ], [ 20.822160137000026, 40.439828452000029 ], [ 20.816555771000026, 40.437978997000073 ], [ 20.812151516000029, 40.440851338000073 ], [ 20.807475620000048, 40.439651130000072 ], [ 20.804407414000025, 40.43568979500003 ], [ 20.800930073000075, 40.435738076000064 ], [ 20.794590478000032, 40.433448142000032 ], [ 20.789640169000052, 40.429543543000079 ], [ 20.786134524000033, 40.427666585000054 ], [ 20.784527428000047, 40.423982738000063 ], [ 20.793031918000054, 40.413301112000056 ], [ 20.791189325000062, 40.410592909000059 ], [ 20.791803276000053, 40.408316410000054 ], [ 20.789525906000051, 40.407168441000067 ], [ 20.788455530000078, 40.40348692300006 ], [ 20.787020268000049, 40.399216554000077 ], [ 20.787939597000047, 40.398004955000033 ], [ 20.788899729000036, 40.390511117000074 ], [ 20.79238170900004, 40.383682365000027 ], [ 20.790287829000079, 40.378163513000061 ], [ 20.791095404000032, 40.369811746000039 ], [ 20.789735101000076, 40.364500324000062 ], [ 20.790400404000025, 40.361970432000078 ], [ 20.782621256000027, 40.35719507400006 ], [ 20.778089394000062, 40.357500139000081 ], [ 20.775457932000052, 40.354025604000071 ], [ 20.776855237000063, 40.34924112300007 ], [ 20.773392005000062, 40.347829378000029 ], [ 20.770174377000046, 40.345258624000053 ], [ 20.764864631000023, 40.342578825000032 ], [ 20.760804698000072, 40.339499441000044 ], [ 20.757506059000036, 40.33121367800004 ], [ 20.761585818000071, 40.327218828000071 ], [ 20.764291486000047, 40.322258754000075 ], [ 20.763530911000032, 40.320533602000069 ], [ 20.757393103000027, 40.318041485000037 ], [ 20.753852324000036, 40.314200182000036 ], [ 20.74827334400004, 40.313869903000068 ], [ 20.739505957000063, 40.311929382000073 ], [ 20.734371112000076, 40.309485577000032 ], [ 20.732470354000043, 40.306180076000032 ], [ 20.732459606000077, 40.30201588400007 ], [ 20.731283864000034, 40.301214464000054 ], [ 20.731137259000036, 40.296980053000027 ], [ 20.728373408000039, 40.294841108000071 ], [ 20.725485979000041, 40.291961236000077 ], [ 20.720901192000042, 40.289739462000057 ], [ 20.71209056400005, 40.282452312000032 ], [ 20.711939594000057, 40.278295775000061 ], [ 20.709187295000049, 40.274457238000025 ], [ 20.707687873000054, 40.266453041000034 ], [ 20.709169794000047, 40.261801476000073 ], [ 20.712724756000057, 40.256967442000075 ], [ 20.718124680000074, 40.255322720000038 ], [ 20.72186735400004, 40.252993863000029 ], [ 20.721396216000073, 40.245182649000071 ], [ 20.722094482000045, 40.240183107000064 ], [ 20.719499799000062, 40.238233754000078 ], [ 20.720622247000051, 40.233159429000068 ], [ 20.720918606000055, 40.230111137000051 ], [ 20.724461839000071, 40.226693408000074 ], [ 20.725581606000048, 40.223779118000039 ], [ 20.722760424000057, 40.22189725100003 ], [ 20.720578677000049, 40.215627964000078 ], [ 20.714117086000044, 40.212630574000059 ], [ 20.712155911000025, 40.210047906000057 ], [ 20.713489254000024, 40.207495898000047 ], [ 20.710369746000026, 40.20590788100003 ], [ 20.707708233000062, 40.199892903000034 ], [ 20.703344315000038, 40.19743573900007 ], [ 20.696302295000066, 40.196792021000078 ], [ 20.690127242000074, 40.195368705000078 ], [ 20.686496787000067, 40.191919430000041 ], [ 20.682149184000025, 40.191616843000077 ], [ 20.678055252000036, 40.189177869000048 ], [ 20.680952079000065, 40.183871813000053 ], [ 20.677763581000022, 40.179542070000025 ], [ 20.677761769000028, 40.17686941200003 ], [ 20.676044929000057, 40.17492842300004 ], [ 20.67665468000007, 40.169954564000079 ], [ 20.674223263000044, 40.168503489000045 ], [ 20.678983206000055, 40.162021393000032 ], [ 20.688095372000078, 40.155433499000026 ], [ 20.691956431000051, 40.15410931200006 ], [ 20.693452026000045, 40.151179563000028 ], [ 20.691444826000065, 40.147901328000046 ], [ 20.684599110000022, 40.142728141000077 ], [ 20.680784955000036, 40.135287324000046 ], [ 20.680791241000065, 40.133210731000077 ], [ 20.677052910000043, 40.129767103000063 ], [ 20.674967063000054, 40.126123251000024 ], [ 20.676981590000025, 40.123668634000069 ], [ 20.67630476000005, 40.119197066000027 ], [ 20.678301269000031, 40.116725153000061 ], [ 20.679061845000035, 40.113417011000024 ], [ 20.679073728000049, 40.107581929000048 ], [ 20.676887075000025, 40.104118817000028 ], [ 20.678039822000073, 40.099446517000047 ], [ 20.677427, 40.095587091000027 ], [ 20.670387384000037, 40.096479531000057 ], [ 20.660173798000073, 40.093533537000042 ], [ 20.652280360000077, 40.092582650000054 ], [ 20.645056829000055, 40.093381198000031 ], [ 20.639802503000055, 40.093260014000066 ], [ 20.631155756000055, 40.090725027000076 ], [ 20.627024083000038, 40.090627159000064 ], [ 20.623678718000065, 40.089012793000052 ], [ 20.619603611000059, 40.084189455000057 ], [ 20.613369118000037, 40.080016728000032 ], [ 20.606598547000033, 40.076257525000074 ], [ 20.599441102000071, 40.071370546000026 ], [ 20.588476375000027, 40.071231686000033 ], [ 20.580729093000059, 40.068273282000064 ], [ 20.564396, 40.0649 ], [ 20.554062728000076, 40.065287486000045 ], [ 20.54928536500006, 40.063868659000036 ], [ 20.539924371000041, 40.068575242000065 ], [ 20.532913083000039, 40.074861593000037 ], [ 20.525888321000025, 40.075754474000064 ], [ 20.519568046000074, 40.079075523000029 ], [ 20.517391385000053, 40.079090785000062 ], [ 20.511993893000067, 40.082268258000056 ], [ 20.507017027000074, 40.078377833000047 ], [ 20.508093688000031, 40.075383654000063 ], [ 20.505532987000038, 40.073840119000067 ], [ 20.499730708000072, 40.072107394000057 ], [ 20.497659804000023, 40.068217185000037 ], [ 20.494813413000031, 40.065739269000062 ], [ 20.489280816000075, 40.063942861000044 ], [ 20.483009364000054, 40.06387208600006 ], [ 20.476991790000056, 40.065179216000047 ], [ 20.468636455000023, 40.068720713000062 ], [ 20.465325774000064, 40.071328547000064 ], [ 20.463016974000027, 40.074504101000059 ], [ 20.454222752000078, 40.074478624000051 ], [ 20.449336432000052, 40.074066839000068 ], [ 20.444582837000041, 40.071365933000038 ], [ 20.435776803000067, 40.068010113000071 ], [ 20.430108142000051, 40.065027022000038 ], [ 20.426162659000056, 40.062034706000077 ], [ 20.419091687000048, 40.060825009000041 ], [ 20.418996615000026, 40.057887084000072 ], [ 20.410250001000065, 40.051246725000055 ], [ 20.40928739800006, 40.049418239000033 ], [ 20.41063, 40.043717 ], [ 20.414476376000039, 40.039668663000043 ], [ 20.413293572000043, 40.037656807000076 ], [ 20.414380907000066, 40.034823564000078 ], [ 20.409951027000034, 40.029079121000052 ], [ 20.407901131000074, 40.024765440000067 ], [ 20.402484263000076, 40.018942625000079 ], [ 20.397576135000065, 40.016779373000077 ], [ 20.396915250000063, 40.013833592000026 ], [ 20.397517944000072, 40.008009823000066 ], [ 20.395712035000031, 39.99924036200008 ], [ 20.393473604000064, 39.996223755000074 ], [ 20.389893, 39.995893 ], [ 20.379692940000041, 39.993609621000076 ], [ 20.377591851000034, 39.99004784300007 ], [ 20.37573794900004, 39.989421417000074 ], [ 20.354501576000075, 39.991128333000063 ], [ 20.330899980000027, 39.993641224000044 ], [ 20.31218867900003, 39.991197857000031 ], [ 20.311983076000047, 39.989841236000075 ], [ 20.315600059000076, 39.982902024000055 ], [ 20.316444184000034, 39.979235528000061 ], [ 20.319828340000072, 39.973726941000052 ], [ 20.323234886000023, 39.973261839000031 ], [ 20.326202760000058, 39.971393864000049 ], [ 20.327641503000052, 39.96637441300004 ], [ 20.330239994000067, 39.963329128000055 ], [ 20.335383308000075, 39.960675929000047 ], [ 20.339628184000048, 39.955075757000031 ], [ 20.341024888000049, 39.951240735000056 ], [ 20.344836200000032, 39.947348555000076 ], [ 20.34520119900003, 39.945177912000077 ], [ 20.343798117000063, 39.94151774900007 ], [ 20.341243687000031, 39.93884569100004 ], [ 20.339769207000074, 39.933580193000068 ], [ 20.338491356000077, 39.930972635000046 ], [ 20.337418463000063, 39.925042534000056 ], [ 20.339742970000032, 39.921542804000069 ], [ 20.352546655000026, 39.913805753000076 ], [ 20.356881933000068, 39.913619804000064 ], [ 20.364369, 39.908844 ], [ 20.364795, 39.904423 ], [ 20.372483231000047, 39.895120808000058 ], [ 20.375382263000063, 39.892312084000025 ], [ 20.383534678000046, 39.889603983000029 ], [ 20.381989760000067, 39.882427456000073 ], [ 20.385403512000039, 39.878635017000079 ], [ 20.389428954000039, 39.868366267000056 ], [ 20.394129145000022, 39.86372454800005 ], [ 20.403903967000076, 39.852710424000065 ], [ 20.405201698000042, 39.850236149000068 ], [ 20.410848969000028, 39.844444245000034 ], [ 20.415540767000039, 39.842856587000028 ], [ 20.416799, 39.840442 ], [ 20.416054, 39.83795 ], [ 20.412119, 39.834012 ], [ 20.413076, 39.831118 ], [ 20.416478182000048, 39.828008579000027 ], [ 20.413835480000046, 39.825378833000059 ], [ 20.414554979000059, 39.822398156000077 ], [ 20.413337733000049, 39.820354162000058 ], [ 20.414572474000067, 39.817479585000058 ], [ 20.414337286000034, 39.813959143000034 ], [ 20.411229734000074, 39.811836559000028 ], [ 20.406736384000055, 39.804747226000075 ], [ 20.402867807000064, 39.803223857000035 ], [ 20.399260639000033, 39.798740939000027 ], [ 20.396949756000026, 39.797637715000064 ], [ 20.392643400000054, 39.79203306200003 ], [ 20.391889596000055, 39.788440552000054 ], [ 20.385282193000023, 39.787435124000069 ], [ 20.382405942000048, 39.784411284000043 ], [ 20.373544634000041, 39.785414458000048 ], [ 20.367375902000049, 39.788888307000036 ], [ 20.357491720000041, 39.797095892000073 ], [ 20.355376126000067, 39.800475547000076 ], [ 20.345539041000052, 39.804393168000047 ], [ 20.330240782000033, 39.807154335000064 ], [ 20.325070154000059, 39.809835560000067 ], [ 20.317768872000045, 39.808497181000064 ], [ 20.314101931000039, 39.811726648000047 ], [ 20.304459659000031, 39.816257092000058 ], [ 20.30285138000005, 39.812957225000048 ], [ 20.300263809000057, 39.810674266000035 ], [ 20.293181804000028, 39.806784997000079 ], [ 20.289732578000041, 39.804297746000032 ], [ 20.291495281000039, 39.79987083900005 ], [ 20.298442255000055, 39.793661411000073 ], [ 20.299948716000074, 39.790818478000062 ], [ 20.30477369700003, 39.787084527000047 ], [ 20.307048, 39.780239 ], [ 20.304003, 39.77508 ], [ 20.298161511000046, 39.770937178000054 ], [ 20.292367953000053, 39.764648195000063 ], [ 20.29301, 39.761591 ], [ 20.298009, 39.755242 ], [ 20.304496, 39.751544 ], [ 20.306375996000043, 39.744846066000036 ], [ 20.321035762000065, 39.736120309000057 ], [ 20.322133843000074, 39.731459391000044 ], [ 20.321149848000061, 39.728761398000074 ], [ 20.313135288000069, 39.726107171000081 ], [ 20.311680688000024, 39.726534926000056 ], [ 20.307877550000057, 39.723512185000061 ], [ 20.30550426700006, 39.717924916000072 ], [ 20.302687259000038, 39.716961879000053 ], [ 20.300779686000055, 39.714198929000077 ], [ 20.296682496000074, 39.713860707000038 ], [ 20.292461285000059, 39.714577554000073 ], [ 20.283686531000058, 39.711985556000059 ], [ 20.28329436000007, 39.71015714300006 ], [ 20.279653323000048, 39.706080976000067 ], [ 20.278046192000033, 39.704300637000074 ], [ 20.278141264000055, 39.701063952000027 ], [ 20.27202101000006, 39.696848719000059 ], [ 20.265948293000065, 39.694827876000033 ], [ 20.26465293800004, 39.689972125000054 ], [ 20.263737872000036, 39.68329605200006 ], [ 20.265591774000029, 39.678476076000038 ], [ 20.263975551000044, 39.675658932000033 ], [ 20.26403900300005, 39.671822926000061 ], [ 20.259805974000074, 39.672474032000025 ], [ 20.250404039000045, 39.678329734000044 ], [ 20.249797956000066, 39.680890680000061 ], [ 20.245531604000064, 39.683177158000035 ], [ 20.235362541000029, 39.685294049000049 ], [ 20.231833809000022, 39.685105702000044 ], [ 20.229537823000044, 39.682811971000035 ], [ 20.229609126000071, 39.680112075000068 ], [ 20.23156285400006, 39.677741347000051 ], [ 20.228625132000047, 39.676676688000043 ], [ 20.227150079000069, 39.673641966000048 ], [ 20.223526918000061, 39.672030965000033 ], [ 20.220140228000048, 39.66833504300007 ], [ 20.218702237000059, 39.665930574000072 ], [ 20.223984708000046, 39.655986827000049 ], [ 20.228599290000034, 39.651930861000039 ], [ 20.225777540000024, 39.647800586000074 ], [ 20.220494131000066, 39.646079793000069 ], [ 20.216428642000039, 39.647618503000047 ], [ 20.211531273000048, 39.645717576000038 ], [ 20.205716307000046, 39.646196502000066 ], [ 20.196662417000027, 39.64519424000008 ], [ 20.195072579000055, 39.64451974800005 ], [ 20.189952281000046, 39.645355613000049 ], [ 20.182732988000055, 39.649158821000071 ], [ 20.173198326000033, 39.648453086000075 ], [ 20.160659189000057, 39.651317961000075 ], [ 20.152839525000047, 39.655420691000074 ], [ 20.135013546000039, 39.654223934000072 ], [ 20.125886645000037, 39.656485677000035 ], [ 20.120533253000076, 39.658754286000033 ], [ 20.110206069000071, 39.666667714000027 ], [ 20.105428707000044, 39.666567087000033 ], [ 20.102529014000027, 39.669869422000033 ], [ 20.098547879000023, 39.670573778000062 ], [ 20.094424135000054, 39.677717552000047 ], [ 20.090901602000031, 39.680907120000029 ], [ 20.086107180000056, 39.682450817000074 ], [ 20.07697844300003, 39.680342544000041 ], [ 20.071642619000045, 39.684386889000052 ], [ 20.067649514000038, 39.686461038000061 ], [ 20.065688656000077, 39.689424061000068 ], [ 20.060673614000052, 39.68926859700008 ], [ 20.058166093000068, 39.69161881000008 ], [ 20.053400614000054, 39.691170721000049 ], [ 20.047399201000076, 39.692121764000035 ], [ 20.045687907000058, 39.694417015000056 ], [ 20.040497016000074, 39.69132316200006 ], [ 20.035043270000074, 39.693090722000079 ], [ 20.033663299000068, 39.694330972000046 ], [ 20.033875645000023, 39.700397905000045 ], [ 20.029204280000044, 39.700473435000049 ], [ 20.02787059800005, 39.697046165000074 ], [ 20.022550398000078, 39.695703201000072 ], [ 20.018553463000046, 39.697398433000046 ], [ 20.016202472000032, 39.694693055000073 ], [ 20.012608435000061, 39.694165747000056 ], [ 20.008546290059513, 39.691595199897236 ], [ 20.003340799438377, 39.694537615818376 ], [ 20.001433611671871, 39.688487210916094 ], [ 19.996252241447849, 39.690496821571116 ], [ 19.995123158806791, 39.688175984334237 ], [ 19.991118475936958, 39.6892963498467 ], [ 19.990142064005113, 39.687875988486155 ], [ 19.986157965717609, 39.687584482238094 ], [ 19.982479847367131, 39.689093022125348 ], [ 19.982378053104696, 39.696025341796144 ], [ 19.985149875166655, 39.699644592324148 ], [ 19.981313029173009, 39.700638137240276 ], [ 19.980760984831647, 39.704228281210248 ], [ 19.98297845219389, 39.711694483413737 ], [ 19.985604084960585, 39.714028520000227 ], [ 19.986201308543627, 39.718655852985307 ], [ 19.988633523218596, 39.722913565508691 ], [ 19.993286503069726, 39.723082846696059 ], [ 19.995423815656636, 39.728324447215527 ], [ 19.995331587482838, 39.731060877357663 ], [ 19.996938404383911, 39.734926529535755 ], [ 19.99842430203995, 39.735709711334152 ], [ 19.99848965037711, 39.742643433947364 ], [ 20.010287851802957, 39.743386138159792 ], [ 20.014267957999891, 39.744190363194775 ], [ 20.017612124799768, 39.742934793605912 ], [ 20.022604582535507, 39.742720153312462 ], [ 20.025888877869477, 39.745701229628082 ], [ 20.025682204670034, 39.748524116095155 ], [ 20.028152153998747, 39.750342308750589 ], [ 20.035721762120744, 39.750991287666288 ], [ 20.038488131395667, 39.752829845209739 ], [ 20.042551761387813, 39.755449074611079 ], [ 20.045390238468769, 39.754721845237043 ], [ 20.048999768968766, 39.756539314166297 ], [ 20.050496899112527, 39.758318012822819 ], [ 20.050473859988511, 39.759995353994348 ], [ 20.050470956264785, 39.760206694685067 ], [ 20.050770830109798, 39.762598326251805 ], [ 20.049033226602148, 39.767976550877165 ], [ 20.045841142354902, 39.770261399943706 ], [ 20.044753345424802, 39.77516399728249 ], [ 20.044851835669569, 39.775840540516946 ], [ 20.046520023480355, 39.781308636884148 ], [ 20.047986257459854, 39.783631718828815 ], [ 20.047776800858742, 39.786711389618972 ], [ 20.050025187812196, 39.792635813891764 ], [ 20.050599066793552, 39.799316835103923 ], [ 20.049995400645017, 39.80095936655411 ], [ 20.049745174882137, 39.801757656602781 ], [ 20.045137831538401, 39.804096979506063 ], [ 20.044515596399538, 39.804335020668191 ], [ 20.041654043699225, 39.808230661615767 ], [ 20.03834275792363, 39.806928302282635 ], [ 20.037733297880852, 39.806775035396164 ], [ 20.037246942480998, 39.806837051805751 ], [ 20.036738228175203, 39.807099681126054 ], [ 20.033787072115729, 39.811246787209541 ], [ 20.030630339318748, 39.810834834759874 ], [ 20.029766773417919, 39.813010706678824 ], [ 20.026255332717483, 39.814136353010326 ], [ 20.02228522805909, 39.813343669352186 ], [ 20.022094324218628, 39.813331014125204 ], [ 20.01575293709557, 39.813127257402385 ], [ 20.013953384141416, 39.812877389380048 ], [ 20.0115183941586, 39.808491395761337 ], [ 20.013311372521855, 39.799519313865289 ], [ 20.012016672531445, 39.796940484515801 ], [ 20.011189633354, 39.790645001515543 ], [ 20.011199865787439, 39.788716515055349 ], [ 20.011315003409425, 39.787818810639223 ], [ 20.017279765049182, 39.777983317176393 ], [ 20.017636487275254, 39.774085834829087 ], [ 20.018565410848346, 39.772693384986241 ], [ 20.019519786508965, 39.772609834676189 ], [ 20.020723784475138, 39.769795396440429 ], [ 20.019907136205404, 39.768761364945078 ], [ 20.017576332681642, 39.768869599252639 ], [ 20.016082422481254, 39.769220000484204 ], [ 20.013219904275218, 39.771015744081353 ], [ 20.012177705708478, 39.768310207448103 ], [ 20.012921064107985, 39.768640601249317 ], [ 20.013710430934466, 39.768836810134658 ], [ 20.016934447362978, 39.766943661763989 ], [ 20.019277603512752, 39.766187557259457 ], [ 20.022268818850932, 39.766470239509999 ], [ 20.025833976956505, 39.761364559826632 ], [ 20.027737074270043, 39.753726067298693 ], [ 20.020121875424252, 39.75361298115422 ], [ 20.016694295605305, 39.748961886282075 ], [ 20.02286281116983, 39.747986845816342 ], [ 20.023571534498785, 39.744911411732346 ], [ 20.018931557045789, 39.743716302665291 ], [ 20.014918515876843, 39.745223022324694 ], [ 20.009940563306429, 39.744410316682831 ], [ 20.002941286411271, 39.74537753844271 ], [ 19.994314265391097, 39.743891248682246 ], [ 19.995379179787747, 39.746160403556679 ], [ 19.998561749924875, 39.749191586622487 ], [ 19.999169381361924, 39.753177414306265 ], [ 19.996497116049113, 39.753924689772646 ], [ 19.994564747265315, 39.749542654969616 ], [ 19.99022947540999, 39.750275367714096 ], [ 19.989427357486591, 39.74821412158451 ], [ 19.983652534536873, 39.745082300907541 ], [ 19.976339247658188, 39.744761254628258 ], [ 19.975786549509678, 39.748351341041598 ], [ 19.973269690643747, 39.749869798652355 ], [ 19.973539435996202, 39.75410865509042 ], [ 19.97681832010943, 39.757347836833276 ], [ 19.977441851560229, 39.760177939460391 ], [ 19.980212131284873, 39.764054056149803 ], [ 19.983206299930828, 39.764080322648852 ], [ 19.983959345447488, 39.76947934499583 ], [ 19.988280854977518, 39.769773888254406 ], [ 19.990303395185606, 39.767994018409297 ], [ 19.993955695798775, 39.768539305244815 ], [ 19.998292077417489, 39.767806469293191 ], [ 19.996882997152625, 39.773186726386371 ], [ 20.002032338022047, 39.773744688266788 ], [ 20.000461338420109, 39.778866806657845 ], [ 20.005439805402773, 39.779807867139425 ], [ 20.006572504217729, 39.782000667896568 ], [ 20.002590463579054, 39.792751346197747 ], [ 19.995251481270884, 39.793843093484043 ], [ 19.99620892380284, 39.796675971419006 ], [ 19.993510596137128, 39.799092473139183 ], [ 19.998497870180643, 39.799520341790412 ], [ 20.003130076591788, 39.801486544868226 ], [ 20.006061206359618, 39.806004908799537 ], [ 20.004812200023082, 39.811772222410184 ], [ 20.010618627847464, 39.813233722358461 ], [ 20.011005684880939, 39.816503696777815 ], [ 20.01336897499823, 39.818778379118953 ], [ 20.012340707257863, 39.820823871824302 ], [ 20.012445284922023, 39.825190021902017 ], [ 20.009869925156977, 39.830560459297828 ], [ 20.011657899692352, 39.833657058926178 ], [ 20.00864960989162, 39.834401729955914 ], [ 20.008778625733044, 39.836970633488022 ], [ 20.011935733547318, 39.837511127836308 ], [ 20.011724463912913, 39.840590676318698 ], [ 20.015846132393165, 39.843578233149003 ], [ 20.019513591079431, 39.843352515905963 ], [ 20.020811229154958, 39.845803324963526 ], [ 20.01877069081479, 39.848738600605998 ], [ 20.020907310129299, 39.849678787079554 ], [ 20.018644540213415, 39.857596857109343 ], [ 20.017905051976641, 39.862726174573368 ], [ 20.015891385379177, 39.863736223847695 ], [ 20.013437825295455, 39.872189065972691 ], [ 20.012090249665334, 39.87320470723148 ], [ 20.006756951572129, 39.873287090526844 ], [ 20.002771376597821, 39.872354617671533 ], [ 20.003138034692597, 39.870046766645032 ], [ 20.001164903237736, 39.868232345746208 ], [ 19.998495649754489, 39.868466111022258 ], [ 19.993793458101663, 39.870993189783917 ], [ 19.990788988620977, 39.871351799845741 ], [ 19.988144093275309, 39.869916926125313 ], [ 19.983477441031141, 39.870004060539031 ], [ 19.978094849297918, 39.873423706538858 ], [ 19.981377602294572, 39.876790696333615 ], [ 19.969704981299913, 39.877329076375815 ], [ 19.969237336533922, 39.878649357581821 ], [ 19.96466982555205, 39.879724069909969 ], [ 19.962616202975425, 39.88330059904348 ], [ 19.957950571461765, 39.883258774273088 ], [ 19.955701996549976, 39.88863086012617 ], [ 19.957004001733367, 39.890696791723599 ], [ 19.954132564466306, 39.893238694010563 ], [ 19.954752373623194, 39.896325596249312 ], [ 19.947082052294945, 39.896512982588149 ], [ 19.945121481671094, 39.893927402927375 ], [ 19.941103999649897, 39.895045825904219 ], [ 19.935772955257733, 39.894869092035037 ], [ 19.93535621122021, 39.900257559938495 ], [ 19.930376095780218, 39.89892785113949 ], [ 19.926172283672404, 39.901232701814102 ], [ 19.914355958660622, 39.900062844124989 ], [ 19.912973928204281, 39.903131201443841 ], [ 19.910957568137292, 39.904139390020873 ], [ 19.908354937330557, 39.91053429102476 ], [ 19.911833744331886, 39.911978805477531 ], [ 19.915183879032838, 39.910983096792563 ], [ 19.920553205765884, 39.919378842759443 ], [ 19.928604797373566, 39.927027933792147 ], [ 19.932260983057972, 39.927831987056607 ], [ 19.936965337580318, 39.925564238598781 ], [ 19.938261498969041, 39.928015928092634 ], [ 19.934735561197215, 39.929524232357494 ], [ 19.936201044242864, 39.931848660587264 ], [ 19.935466437526145, 39.936207080992062 ], [ 19.936541729916939, 39.942122755760636 ], [ 19.92875014580261, 39.949754232671751 ], [ 19.927209510910245, 39.952307724521916 ], [ 19.924524709048114, 39.953309938902635 ], [ 19.922784223213398, 39.957915698950387 ], [ 19.919391473237965, 39.961478946895909 ], [ 19.914000515111752, 39.964766605694365 ], [ 19.913043815419769, 39.972460818412117 ], [ 19.910777609299259, 39.978602079122709 ], [ 19.906728007991205, 39.981388439624823 ], [ 19.903032348364263, 39.982894155640849 ], [ 19.901777350744169, 39.98827447748522 ], [ 19.898879116378168, 39.992098549508512 ], [ 19.893835129287822, 39.994361457815103 ], [ 19.8928881179923, 40.001285231228508 ], [ 19.889630024406131, 40.006646241031262 ], [ 19.882852563495078, 40.012743595940265 ], [ 19.879274850853733, 40.017074141858188 ], [ 19.873271708022969, 40.02677316554923 ], [ 19.86035956494203, 40.039998877945891 ], [ 19.854612657847952, 40.044050503627886 ], [ 19.85159347905585, 40.044790921763706 ], [ 19.845129950182315, 40.047846025132728 ], [ 19.836116710517842, 40.051183604140078 ], [ 19.821057444145765, 40.052571943340581 ], [ 19.812062172331423, 40.051068275980185 ], [ 19.811474326878738, 40.046440428582969 ], [ 19.806459324937919, 40.046645641283362 ], [ 19.803069570604237, 40.049435110741797 ], [ 19.802130338444385, 40.045830658558089 ], [ 19.796442780310088, 40.046285243369312 ], [ 19.793228135669949, 40.048562713498484 ], [ 19.79264611782412, 40.053178456020987 ], [ 19.79463469423581, 40.054097403972094 ], [ 19.799000150036932, 40.052858903515641 ], [ 19.803159659290884, 40.053801089948422 ], [ 19.800903289055611, 40.058656328227016 ], [ 19.797878405863798, 40.059652044106599 ], [ 19.79331313958977, 40.062685784721225 ], [ 19.791389904320681, 40.067544295632786 ], [ 19.789023675602209, 40.069060182081785 ], [ 19.784675253859916, 40.069271410347369 ], [ 19.782629247641694, 40.071560822573929 ], [ 19.777280497397101, 40.071632415803379 ], [ 19.778241433795188, 40.064581936007585 ], [ 19.77749850115498, 40.059438767185384 ], [ 19.774857931548354, 40.057613505858683 ], [ 19.770812003071512, 40.059624773964174 ], [ 19.770692030812597, 40.066299427976276 ], [ 19.767986634475676, 40.068068049101214 ], [ 19.768417890873025, 40.07192412619753 ], [ 19.76735987895529, 40.074994059128585 ], [ 19.76710541308438, 40.079869899076641 ], [ 19.762737663112716, 40.081107151274068 ], [ 19.762101814547179, 40.079302998834407 ], [ 19.752393934332645, 40.080097068724797 ], [ 19.751036048874596, 40.081238329985013 ], [ 19.752473746466251, 40.084848537829828 ], [ 19.749285188460703, 40.085584442268271 ], [ 19.749224101111452, 40.08892172835516 ], [ 19.753550434604904, 40.08999542894594 ], [ 19.753962247659672, 40.094878387028018 ], [ 19.751055867234527, 40.098441789656931 ], [ 19.745664933390003, 40.100694405222669 ], [ 19.741646341605417, 40.101035507282916 ], [ 19.740683683005614, 40.098843000604063 ], [ 19.730607512426786, 40.101300632817981 ], [ 19.730072069570383, 40.103092117407357 ], [ 19.725473337724395, 40.107663341689943 ], [ 19.720749523671657, 40.109922128403582 ], [ 19.716766463201793, 40.108337480690238 ], [ 19.713743015327964, 40.109074225994789 ], [ 19.714190743707888, 40.111903601969686 ], [ 19.710990839855413, 40.11315184118456 ], [ 19.705987780012094, 40.112453687587674 ], [ 19.699964695614256, 40.112642984086506 ], [ 19.698727826528, 40.116095842948823 ], [ 19.700484318496535, 40.120480538845868 ], [ 19.696107908053591, 40.121971913373159 ], [ 19.689417663394522, 40.122024324063375 ], [ 19.686388396007715, 40.123017045200527 ], [ 19.678345538615758, 40.123824640894497 ], [ 19.671967035850059, 40.125035479104156 ], [ 19.668919868357307, 40.126925754220224 ], [ 19.660245365831031, 40.125798662678164 ], [ 19.655885467840108, 40.126390491228221 ], [ 19.65013454437377, 40.129661490085766 ], [ 19.650408028208005, 40.13274581306888 ], [ 19.63750462743667, 40.142351604942689 ], [ 19.633117785757236, 40.144225155366655 ], [ 19.626757296412165, 40.144406647548806 ], [ 19.617290070280546, 40.149301245556103 ], [ 19.614561795190752, 40.151836225761258 ], [ 19.611524928532674, 40.153083648391714 ], [ 19.605414097282789, 40.157375103478273 ], [ 19.590765044071588, 40.161819376762878 ], [ 19.58682757113553, 40.166136275468773 ], [ 19.584113498139459, 40.167900423365893 ], [ 19.580687289786624, 40.171709843634403 ], [ 19.576299704367898, 40.173453275648228 ], [ 19.570745128912169, 40.174460847147124 ], [ 19.563521720351162, 40.176247676089417 ], [ 19.555433251143654, 40.178843425283901 ], [ 19.551743933535761, 40.179182013739023 ], [ 19.546016518347699, 40.180907512371846 ], [ 19.538217450075308, 40.185559741289069 ], [ 19.53286535345336, 40.18536319715389 ], [ 19.528768785051454, 40.189034622749716 ], [ 19.524389925754519, 40.190262659594111 ], [ 19.522677429519831, 40.192038112868659 ], [ 19.517280162649456, 40.193894317169054 ], [ 19.51022581397018, 40.194959585716333 ], [ 19.506487546263315, 40.197478967180643 ], [ 19.502448155857735, 40.198453796305728 ], [ 19.502045614813312, 40.201529654869717 ], [ 19.493262494868304, 40.205010216448386 ], [ 19.491897825824026, 40.206147388491217 ], [ 19.481050398457171, 40.212039718658161 ], [ 19.479659560940036, 40.214332248834296 ], [ 19.474648893731512, 40.213752802150168 ], [ 19.470596565678989, 40.215239850938417 ], [ 19.465636921506757, 40.219795770558392 ], [ 19.465596378270277, 40.221592511685117 ], [ 19.462352087478905, 40.224373746051583 ], [ 19.457981455180061, 40.22508584813346 ], [ 19.453176596023127, 40.230156787905514 ], [ 19.450829484193378, 40.230253317536608 ], [ 19.448429609139225, 40.232660775674333 ], [ 19.444026009492802, 40.234783591189853 ], [ 19.438707575394346, 40.240232592460245 ], [ 19.437136020011337, 40.243035652473452 ], [ 19.430749215603839, 40.251165285449645 ], [ 19.424457308557976, 40.255187803674232 ], [ 19.423398667114839, 40.257484145177216 ], [ 19.413174281967599, 40.264790159238487 ], [ 19.412115102729842, 40.267086386527581 ], [ 19.408871267894767, 40.269609327508533 ], [ 19.404807390748545, 40.278539633197568 ], [ 19.403125764642368, 40.278773186233593 ], [ 19.400348007954278, 40.282842810047725 ], [ 19.395568093292923, 40.286499037100953 ], [ 19.388770512749034, 40.290384621852866 ], [ 19.379195557728849, 40.29821008792527 ], [ 19.378643064625805, 40.300256339658404 ], [ 19.371412340906829, 40.308113965487166 ], [ 19.371587287823104, 40.31479188493762 ], [ 19.377799994274369, 40.314493619385075 ], [ 19.373656394027421, 40.319442465397515 ], [ 19.373831544190466, 40.326120376754034 ], [ 19.369714732948637, 40.32991363530607 ], [ 19.370838534770598, 40.331983451974793 ], [ 19.368249609631846, 40.335027917904142 ], [ 19.369330182841736, 40.338894369579521 ], [ 19.366654228509901, 40.345532030878587 ], [ 19.362727774067594, 40.348300719702479 ], [ 19.363001159875694, 40.350872055001389 ], [ 19.359137647184696, 40.351074043632252 ], [ 19.351003435759992, 40.361228174640587 ], [ 19.347995448131485, 40.367603878716068 ], [ 19.347932768082842, 40.370170439514197 ], [ 19.342115002505409, 40.374708581335994 ], [ 19.341541800713571, 40.377524554714455 ], [ 19.338949756725924, 40.380568285897709 ], [ 19.334510952218693, 40.383585366571481 ], [ 19.334279317436597, 40.386149470421799 ], [ 19.330711342654411, 40.387895219988479 ], [ 19.330150221455597, 40.390197814477631 ], [ 19.325923315208854, 40.391420406826342 ], [ 19.323187072125734, 40.393434702049888 ], [ 19.323097914237394, 40.397027825473799 ], [ 19.318702019082991, 40.398247691078154 ], [ 19.316256222846448, 40.402063250118943 ], [ 19.313215577237145, 40.402789146901682 ], [ 19.309800616705161, 40.405049957989206 ], [ 19.306643965746446, 40.410395369051116 ], [ 19.303893488193978, 40.412922472094465 ], [ 19.297775326570104, 40.415784621163368 ], [ 19.292973855159346, 40.41969377085087 ], [ 19.288937786849431, 40.419890837492233 ], [ 19.288710755696854, 40.422198157918729 ], [ 19.290667130084046, 40.42453778469104 ], [ 19.296528426445775, 40.425265722934796 ], [ 19.304533467345664, 40.427566186930051 ], [ 19.307075352545553, 40.433379691519576 ], [ 19.31174860851155, 40.434603843292791 ], [ 19.314048434887411, 40.436691347827491 ], [ 19.31903879540414, 40.438689154880649 ], [ 19.322420085318754, 40.437840135513909 ], [ 19.329306359700809, 40.431135752612931 ], [ 19.334356950512927, 40.430695166648661 ], [ 19.336971090843235, 40.433685800958983 ], [ 19.341353247954089, 40.433106461294187 ], [ 19.350264747919823, 40.425917276361247 ], [ 19.35843098869924, 40.421668902397982 ], [ 19.363319097198655, 40.414035907431241 ], [ 19.366856633526879, 40.413572450808033 ], [ 19.36811306736422, 40.410252525233886 ], [ 19.372884876435933, 40.407366779753147 ], [ 19.377939622115946, 40.406667581144006 ], [ 19.379899506557024, 40.401945742901773 ], [ 19.382677459297383, 40.398133465487092 ], [ 19.385553026251216, 40.397274601241918 ], [ 19.390154721363331, 40.39438665152278 ], [ 19.393273547736101, 40.390322112475587 ], [ 19.396151686751011, 40.389335089442852 ], [ 19.397740676391152, 40.386019425755933 ], [ 19.401350548788855, 40.382474959252022 ], [ 19.40315599895024, 40.377108236056301 ], [ 19.404689851155752, 40.376102422588758 ], [ 19.409247640466276, 40.360760415660707 ], [ 19.410662083388502, 40.35769889858534 ], [ 19.405617353458126, 40.358142937946297 ], [ 19.405695957802266, 40.354806312861115 ], [ 19.408391992196755, 40.354329958161088 ], [ 19.407841767183868, 40.349187434152839 ], [ 19.405721090256179, 40.346590737072916 ], [ 19.407935341642769, 40.345208683234205 ], [ 19.406848254643307, 40.341471312151384 ], [ 19.408418601337416, 40.338925460041992 ], [ 19.413335686892481, 40.336682296350943 ], [ 19.416426359988577, 40.333643675115582 ], [ 19.420253362902429, 40.327790794609541 ], [ 19.416941714688448, 40.325948270796118 ], [ 19.419559249959491, 40.321619340959842 ], [ 19.422927521288102, 40.321022998712465 ], [ 19.429969471014317, 40.321118809785276 ], [ 19.436658352301151, 40.321979665129504 ], [ 19.446336071952203, 40.324164075211968 ], [ 19.453661047319542, 40.326572985754751 ], [ 19.458309399259406, 40.328689042865108 ], [ 19.465591692802434, 40.333022706732606 ], [ 19.467366084876971, 40.336127232086142 ], [ 19.472120125143704, 40.341068371807978 ], [ 19.477802377277953, 40.34204147783197 ], [ 19.481778761180919, 40.344276576402933 ], [ 19.484861598484031, 40.348938494615879 ], [ 19.484798395929261, 40.351761903589022 ], [ 19.482710646778969, 40.355072262175213 ], [ 19.481791845417376, 40.358654692659968 ], [ 19.479709491300014, 40.361708316385773 ], [ 19.481745923335723, 40.368153776375721 ], [ 19.479739333503517, 40.375316359362557 ], [ 19.477852462321323, 40.377088768431975 ], [ 19.480167169779122, 40.378659710477336 ], [ 19.484369205274675, 40.385903803517749 ], [ 19.479369915389327, 40.391743355171741 ], [ 19.477795136836164, 40.394546847758875 ], [ 19.477679499309488, 40.399680263433481 ], [ 19.480759741169152, 40.412044630355467 ], [ 19.480523143028677, 40.415122472823896 ], [ 19.482868019143837, 40.415410020256274 ], [ 19.486768312307845, 40.421237483223308 ], [ 19.488444616226104, 40.421388243772469 ], [ 19.49032190423253, 40.427574683724742 ], [ 19.492632865114672, 40.42940206745152 ], [ 19.494921904892351, 40.43972498631728 ], [ 19.493765645768008, 40.446362040176041 ], [ 19.490943922517463, 40.44882669553099 ], [ 19.488113554197241, 40.451166401108594 ], [ 19.481046293052032, 40.45158722626951 ], [ 19.478309185720377, 40.453733100402303 ], [ 19.469176090104497, 40.45630875424564 ], [ 19.464732012872162, 40.45958747468228 ], [ 19.462020396823903, 40.460578399873327 ], [ 19.457377709713569, 40.465137911385568 ], [ 19.451338201896533, 40.471989210233914 ], [ 19.448295719871624, 40.472718625164475 ], [ 19.444316745957895, 40.477543243144694 ], [ 19.436547220377975, 40.486424381280244 ], [ 19.431858994297215, 40.485590625207237 ], [ 19.430226106949306, 40.490703298918163 ], [ 19.426060059624092, 40.496294947953515 ], [ 19.423148846242327, 40.498565928574806 ], [ 19.416700472448895, 40.501045167900259 ], [ 19.408279741516935, 40.501570863904305 ], [ 19.40325767090485, 40.500603430803721 ], [ 19.400680563757078, 40.50287845207896 ], [ 19.399244098236579, 40.506709674611841 ], [ 19.397364769668457, 40.507967324332583 ], [ 19.389372952399867, 40.518639291270347 ], [ 19.386266166150676, 40.521933561884453 ], [ 19.388757264835931, 40.523252030057222 ], [ 19.388322546948018, 40.527353806433098 ], [ 19.38165933680898, 40.531625230919701 ], [ 19.377610510716522, 40.532081913849311 ], [ 19.379049368433641, 40.535182985806216 ], [ 19.376607905130754, 40.538743051051028 ], [ 19.379430824872713, 40.540323127510362 ], [ 19.380527315183485, 40.543676110364231 ], [ 19.380093283160399, 40.547721385942687 ], [ 19.378217685298011, 40.555710435088542 ], [ 19.375027886227997, 40.562340800187826 ], [ 19.37046630987237, 40.569978667681426 ], [ 19.365517096936514, 40.579664762718664 ], [ 19.363721458378677, 40.584260596949036 ], [ 19.359150763796777, 40.592154594958629 ], [ 19.355334176830866, 40.596721559152684 ], [ 19.352470477330712, 40.603612608934782 ], [ 19.348945283298235, 40.609980656182415 ], [ 19.344260248911382, 40.615561758868125 ], [ 19.340933189914836, 40.620648704773942 ], [ 19.333999279343345, 40.62850764541156 ], [ 19.332464896537772, 40.629255695194217 ], [ 19.32965494681838, 40.633836298506424 ], [ 19.32137709207916, 40.641418261443675 ], [ 19.319595973975083, 40.64524336229141 ], [ 19.322942793774985, 40.646190144259776 ], [ 19.329419631111136, 40.650007139517925 ], [ 19.333796718743599, 40.657002203988554 ], [ 19.33707739880299, 40.660643779287057 ], [ 19.34106747938074, 40.662882975169225 ], [ 19.348867953624712, 40.66427847494792 ], [ 19.356227274669038, 40.663356570749215 ], [ 19.367430586252624, 40.660178012305494 ], [ 19.370504306228781, 40.658553123527895 ], [ 19.37830209296726, 40.656736964239542 ], [ 19.391154307025715, 40.654991736279669 ], [ 19.395605926872065, 40.652100790918837 ], [ 19.397242059640554, 40.649703853319885 ], [ 19.398338275890751, 40.643538555260193 ], [ 19.399741193101647, 40.641247388456293 ], [ 19.406075643476242, 40.637098424652606 ], [ 19.412194654060102, 40.634872116954682 ], [ 19.419263384697501, 40.63522584639577 ], [ 19.420408645242844, 40.63665401836829 ], [ 19.418561913964378, 40.640832552931499 ], [ 19.419367153871121, 40.645112052279444 ], [ 19.42068772106154, 40.646284984064835 ], [ 19.43078429815688, 40.646936129199048 ], [ 19.43632339736892, 40.648856906494863 ], [ 19.441183245128606, 40.651484316575235 ], [ 19.444423741862238, 40.654694867374303 ], [ 19.448086123875555, 40.65666923179964 ], [ 19.452470199240338, 40.656600161168569 ], [ 19.455038636923632, 40.654837416213866 ], [ 19.453760396631147, 40.651477084582652 ], [ 19.450644114134604, 40.64810337996704 ], [ 19.449553256277795, 40.644237695413381 ], [ 19.451019734872943, 40.639122654686844 ], [ 19.455157474238092, 40.635070302352631 ], [ 19.460743490819482, 40.633989140986102 ], [ 19.462580356428326, 40.635646561779879 ], [ 19.466573986676593, 40.633737063902387 ], [ 19.467375518038715, 40.633353823006367 ], [ 19.467671661343381, 40.633180480072276 ], [ 19.468854091638828, 40.632305868834052 ], [ 19.46938744563429, 40.631911361521297 ], [ 19.470220974320092, 40.631294823228266 ], [ 19.47092921490766, 40.630670619865583 ], [ 19.47094125590451, 40.630659144178992 ], [ 19.470557451465254, 40.63219448988383 ], [ 19.464733334875575, 40.636352896568951 ], [ 19.462160036656019, 40.635847531740339 ], [ 19.456680038153308, 40.634833932639935 ], [ 19.452211407630386, 40.638625159623473 ], [ 19.450599718202511, 40.64271132826525 ], [ 19.451178642380512, 40.646826875060299 ], [ 19.454035586139717, 40.650202736949858 ], [ 19.456392555472121, 40.654598786504835 ], [ 19.454149318935947, 40.656879398865215 ], [ 19.448405285175795, 40.657443728845067 ], [ 19.439753612839013, 40.652577961303905 ], [ 19.435778722709927, 40.649571263303187 ], [ 19.430423279710624, 40.647958161939698 ], [ 19.423010133910623, 40.64785714289286 ], [ 19.418675090483077, 40.645872778905698 ], [ 19.417449887072163, 40.640481630575074 ], [ 19.417900633907152, 40.635849467778769 ], [ 19.412176410413053, 40.635642075121723 ], [ 19.40912299892733, 40.636499062481789 ], [ 19.402960915314054, 40.640521760570834 ], [ 19.400359884401212, 40.643566577235788 ], [ 19.398839659229814, 40.649726042303094 ], [ 19.393170096023141, 40.655276549773021 ], [ 19.38808123995733, 40.656617196126774 ], [ 19.376907427935521, 40.658643327327752 ], [ 19.370781985400356, 40.660995565293149 ], [ 19.362986663703623, 40.662682423654985 ], [ 19.353137196924138, 40.665623127605329 ], [ 19.345737933287865, 40.665176830144965 ], [ 19.340705007630049, 40.663904697643716 ], [ 19.335055332537593, 40.660614631360204 ], [ 19.331319863520946, 40.654912559966704 ], [ 19.325227536721513, 40.649176199222268 ], [ 19.322227132176465, 40.647848963558886 ], [ 19.315796185445663, 40.648910176163724 ], [ 19.312967086461924, 40.647457287224086 ], [ 19.309196917075099, 40.652827500471453 ], [ 19.30694714429535, 40.658922149537602 ], [ 19.308645609307462, 40.665108629959377 ], [ 19.311306234695053, 40.666559159977282 ], [ 19.315713540447575, 40.665596623685303 ], [ 19.322396300049263, 40.668004530584653 ], [ 19.33066559234328, 40.674414818988737 ], [ 19.334983763589889, 40.677044516691126 ], [ 19.337928337322978, 40.680681210469515 ], [ 19.344636252375174, 40.686326679707626 ], [ 19.349635648766252, 40.69137523238112 ], [ 19.355515319176675, 40.699161126484853 ], [ 19.361683262772431, 40.709004667631348 ], [ 19.364873739031907, 40.716495137140896 ], [ 19.36767112612165, 40.72629053577964 ], [ 19.368807384453305, 40.735035463316024 ], [ 19.368656892801425, 40.741194877741464 ], [ 19.369243954045317, 40.744797403577365 ], [ 19.369512451138746, 40.754556952541407 ], [ 19.368873867734862, 40.759939258290217 ], [ 19.369735890399056, 40.766112956647703 ], [ 19.370998323613776, 40.769725009002002 ], [ 19.37311709128079, 40.779767354280011 ], [ 19.374960021924647, 40.791194134834228 ], [ 19.37610561128497, 40.795726648665948 ], [ 19.376906121220543, 40.804466687487718 ], [ 19.376430738687702, 40.81010801327426 ], [ 19.372877424653495, 40.81724632895498 ], [ 19.36997523866637, 40.818488992373148 ], [ 19.368735701291655, 40.820782012679786 ], [ 19.371551298753502, 40.823132348579065 ], [ 19.372467553235026, 40.827124102795153 ], [ 19.376840935660709, 40.827955916332542 ], [ 19.380516826390476, 40.829676762772465 ], [ 19.386129958430899, 40.835146717347186 ], [ 19.390072990975796, 40.839822911398301 ], [ 19.392627553019224, 40.84601998673304 ], [ 19.393785016465415, 40.847063021341398 ], [ 19.397543723963736, 40.859438187322553 ], [ 19.399054598490977, 40.866904234842593 ], [ 19.40192910514412, 40.887995621101084 ], [ 19.403630117279071, 40.892016487419482 ], [ 19.405301775956218, 40.895487339768977 ], [ 19.405722225200577, 40.899087303436374 ], [ 19.408708353008137, 40.908627379150289 ], [ 19.41177398448184, 40.914831033925111 ], [ 19.415865597619302, 40.92066317336679 ], [ 19.418855611397419, 40.923014735042045 ], [ 19.426417540002696, 40.926712336621705 ], [ 19.427068538307694, 40.926339486802028 ], [ 19.422879240284772, 40.924610197102993 ], [ 19.417904813056737, 40.920306539115529 ], [ 19.42740877019861, 40.919152943653501 ], [ 19.433221092179735, 40.916664832516062 ], [ 19.438289909551713, 40.916990327741473 ], [ 19.438585953778784, 40.918791411694372 ], [ 19.447104431124671, 40.916339214982827 ], [ 19.452365825722325, 40.915639788845226 ], [ 19.455006656132298, 40.918499178794093 ], [ 19.456278287234117, 40.922406989026484 ], [ 19.459008095933875, 40.923430505978594 ], [ 19.458943868429611, 40.924193606412601 ], [ 19.45598534604693, 40.927368845895558 ], [ 19.459039721315552, 40.929953162664148 ], [ 19.459326876965992, 40.931611300655533 ], [ 19.452877033648235, 40.930023234484736 ], [ 19.453656591178799, 40.932857663750212 ], [ 19.458166033835425, 40.935485303803773 ], [ 19.459133589243777, 40.937552034898545 ], [ 19.467769777053604, 40.944726616640082 ], [ 19.466018019116348, 40.9472705594888 ], [ 19.461288165216729, 40.946822888665452 ], [ 19.455602770851272, 40.94379407813426 ], [ 19.454201028154955, 40.945829082046544 ], [ 19.468212395485693, 40.954873540481572 ], [ 19.474623932148802, 40.963173719991232 ], [ 19.476793217433112, 40.971930997917298 ], [ 19.476633787419416, 40.978860411878543 ], [ 19.474653538729854, 40.98396868071012 ], [ 19.469985927808352, 40.988014373564567 ], [ 19.468379239510341, 40.991587145330527 ], [ 19.463961109517641, 40.992169701870296 ], [ 19.463238965605854, 40.994085940413868 ], [ 19.465550510147978, 40.996683959497204 ], [ 19.462810797480358, 40.997931059271025 ], [ 19.451245501578683, 40.999829993959111 ], [ 19.443457275532865, 40.999596256562029 ], [ 19.445262595292604, 40.99487172664891 ], [ 19.442589046647242, 40.993295298739099 ], [ 19.439207178468564, 41.000181029930616 ], [ 19.439358209713646, 41.008141432081459 ], [ 19.441275949555326, 41.018400710873486 ], [ 19.4442595319519, 41.03028567984029 ], [ 19.443442664247584, 41.036179209702823 ], [ 19.441851462275224, 41.038981622204176 ], [ 19.451357154209347, 41.038467521159248 ], [ 19.454047718027823, 41.039402621833574 ], [ 19.455685500385584, 41.041862972698084 ], [ 19.464444978053336, 41.04429052079098 ], [ 19.466476526824341, 41.046518152646264 ], [ 19.469304432359596, 41.04757930713253 ], [ 19.471200901440778, 41.04695216611686 ], [ 19.472925465337994, 41.04414650605645 ], [ 19.475295366887735, 41.044306700493905 ], [ 19.478239770648941, 41.048966587138352 ], [ 19.481687984104521, 41.049989584673519 ], [ 19.481232556395199, 41.05041267294223 ], [ 19.477888932528288, 41.049475392975069 ], [ 19.474944531464985, 41.044815498236687 ], [ 19.472249925995126, 41.046964147203639 ], [ 19.473130932546553, 41.04992587867639 ], [ 19.470064977316895, 41.050526558354022 ], [ 19.468850064948015, 41.047796387397902 ], [ 19.466050238280051, 41.047117261313801 ], [ 19.463425038934474, 41.044405733837607 ], [ 19.456006470222462, 41.042637433770608 ], [ 19.45301883425185, 41.039902252786817 ], [ 19.445909825677973, 41.039421059734195 ], [ 19.441959809897355, 41.041550284717914 ], [ 19.448800678408645, 41.046263537132575 ], [ 19.451707167651705, 41.052463898590076 ], [ 19.453113440063667, 41.057551801546843 ], [ 19.456475336267829, 41.073322117621672 ], [ 19.456385267366272, 41.077171689022293 ], [ 19.457531818438724, 41.086172185897738 ], [ 19.457060517029277, 41.091813669964949 ], [ 19.456772155710496, 41.104132252401598 ], [ 19.454617782984371, 41.116425788719255 ], [ 19.451975566719057, 41.120497775951662 ], [ 19.447818449661781, 41.124035859967023 ], [ 19.448393881173409, 41.128431369854745 ], [ 19.44403717457601, 41.133226621011829 ], [ 19.442078590554559, 41.137050881892719 ], [ 19.439478522815648, 41.13932612260254 ], [ 19.439944548801918, 41.141129444967987 ], [ 19.437332056928938, 41.143917897293193 ], [ 19.437610619234761, 41.146488829695784 ], [ 19.43961417835169, 41.147927476971518 ], [ 19.450799936967542, 41.148848635456204 ], [ 19.454213196881597, 41.148124352956586 ], [ 19.459627404281321, 41.148967041995434 ], [ 19.465973560231646, 41.153544720712318 ], [ 19.471092754926758, 41.15977396569599 ], [ 19.472883561427295, 41.163135025361157 ], [ 19.474238469230045, 41.170597720208661 ], [ 19.474172293368493, 41.173423426873967 ], [ 19.473797563107098, 41.17495602909753 ], [ 19.475851211764052, 41.181657807561805 ], [ 19.480494147986576, 41.1865967430453 ], [ 19.482196009738118, 41.193807185253434 ], [ 19.482118925248244, 41.197143451509135 ], [ 19.483923110063529, 41.19999107382904 ], [ 19.491268732066374, 41.205735264071222 ], [ 19.491579074614663, 41.207022898088326 ], [ 19.496939900056418, 41.210430283630728 ], [ 19.505559680634803, 41.220040889575444 ], [ 19.512276759265092, 41.231166550096248 ], [ 19.516769187647924, 41.243033304143751 ], [ 19.518952224465636, 41.251789631486361 ], [ 19.519083579443702, 41.261032953408119 ], [ 19.518497027635398, 41.264252579397009 ], [ 19.51610122069485, 41.272546564372476 ], [ 19.512894077299904, 41.278922951932714 ], [ 19.505328547674367, 41.289863513090722 ], [ 19.498545094423942, 41.296698222261618 ], [ 19.493482339538389, 41.301774431944523 ], [ 19.482742194097057, 41.309848042553199 ], [ 19.472779062903498, 41.313694796377831 ], [ 19.466968654679704, 41.314644376137096 ], [ 19.463959483543363, 41.312293872064572 ], [ 19.459884152631616, 41.311854792464771 ], [ 19.455404912806557, 41.314105138141656 ], [ 19.45235976609041, 41.313294100742212 ], [ 19.45066338121012, 41.305826722225504 ], [ 19.439496206185026, 41.31016779201002 ], [ 19.43402295379633, 41.31124908287893 ], [ 19.431699314272009, 41.315838189281067 ], [ 19.431625477234036, 41.318917680206823 ], [ 19.427618994820818, 41.322713625033828 ], [ 19.42386517963439, 41.323046883207155 ], [ 19.420074107334244, 41.32492065396508 ], [ 19.419148001678991, 41.327988425825254 ], [ 19.418478579622786, 41.338990997936264 ], [ 19.419043047198898, 41.342998720514572 ], [ 19.417801218351599, 41.345538825956112 ], [ 19.419043047198898, 41.358182907215451 ], [ 19.420115536402932, 41.362077736098684 ], [ 19.419663962521895, 41.367045053286631 ], [ 19.41819634538507, 41.371617243441108 ], [ 19.421636706865151, 41.375433708356297 ], [ 19.422600978352534, 41.382457565264474 ], [ 19.421169786456517, 41.385261690074969 ], [ 19.416111322079928, 41.390069552068212 ], [ 19.408523790540528, 41.393686603753792 ], [ 19.405441073746601, 41.394286127802616 ], [ 19.402885940633723, 41.401181699375968 ], [ 19.397363475544012, 41.403928638995524 ], [ 19.395192169483096, 41.4090324444918 ], [ 19.391417401891658, 41.410006535273453 ], [ 19.390987870393928, 41.413594377878269 ], [ 19.395817059809531, 41.411351493876396 ], [ 19.398032125981899, 41.411382364004965 ], [ 19.400658511481197, 41.408595168032605 ], [ 19.40409221478393, 41.407616041946824 ], [ 19.40672326326802, 41.404572065248658 ], [ 19.408032699549494, 41.399840715776463 ], [ 19.415580476557807, 41.397891285054811 ], [ 19.422755995392947, 41.39721977567217 ], [ 19.428884257302684, 41.397560339937797 ], [ 19.434312498622944, 41.398661165880128 ], [ 19.441755181756264, 41.401072564847027 ], [ 19.447265157061395, 41.405896557979815 ], [ 19.448238853040664, 41.407963334040687 ], [ 19.446120290419117, 41.411015189699299 ], [ 19.442013231425562, 41.40454202429504 ], [ 19.439090898825953, 41.405529227192119 ], [ 19.440945765834499, 41.413512218514143 ], [ 19.442254134620669, 41.415840281803639 ], [ 19.445911994842731, 41.426928031403577 ], [ 19.448334151499921, 41.432608213298465 ], [ 19.450852527522159, 41.434310281894057 ], [ 19.461388390488629, 41.438582430188681 ], [ 19.464709593672865, 41.439758954012575 ], [ 19.473090987359228, 41.446031409621924 ], [ 19.474781297319055, 41.446695145264812 ], [ 19.483493703571639, 41.453484638205566 ], [ 19.492339246359165, 41.461944236037709 ], [ 19.499802784770736, 41.471283139705179 ], [ 19.50637935062656, 41.482150250533664 ], [ 19.511216221151756, 41.494534675934574 ], [ 19.512083292623466, 41.499941524592209 ], [ 19.513181811791242, 41.505598281435596 ], [ 19.51369433632459, 41.513049247324943 ], [ 19.513424164693504, 41.524853998513265 ], [ 19.51265302032067, 41.528694534425256 ], [ 19.509945084298238, 41.535076982516784 ], [ 19.505722564045129, 41.540412882348676 ], [ 19.486481291878192, 41.545038486836745 ], [ 19.469628622662867, 41.549692676276038 ], [ 19.467481976911756, 41.553771264532259 ], [ 19.461631677459991, 41.55549001914909 ], [ 19.459666751419491, 41.559057489411657 ], [ 19.460539428351979, 41.565486638397715 ], [ 19.456500631499011, 41.570053047710019 ], [ 19.449877643538457, 41.58254211552628 ], [ 19.449307246732076, 41.584972596308319 ], [ 19.459246679890441, 41.583951564513143 ], [ 19.465502176084613, 41.579671381529067 ], [ 19.470296005056639, 41.579349776770812 ], [ 19.474133968008289, 41.576063712470386 ], [ 19.481367810576046, 41.573721322980703 ], [ 19.489596444520373, 41.572674140699064 ], [ 19.494722448881987, 41.572741376713225 ], [ 19.497845631570669, 41.570728642712766 ], [ 19.506085459376493, 41.56916792595905 ], [ 19.511220074746689, 41.568849038952067 ], [ 19.516675802945997, 41.569432961561972 ], [ 19.524541227695579, 41.569277482270024 ], [ 19.538163819005092, 41.571505109273403 ], [ 19.541199008427554, 41.573340559019641 ], [ 19.547686418193678, 41.573679400184233 ], [ 19.550727722106728, 41.575257976574392 ], [ 19.557856074198526, 41.577530016597052 ], [ 19.558733061185453, 41.579124745210059 ], [ 19.567055558667164, 41.586629524333148 ], [ 19.578737756542296, 41.599609493383468 ], [ 19.585979137227469, 41.612533716158111 ], [ 19.586926582895558, 41.616139139609686 ], [ 19.59200600687177, 41.618511755313307 ], [ 19.592595114972653, 41.622882832776554 ], [ 19.59537578906145, 41.620863266626486 ], [ 19.595327924444234, 41.615215327225599 ], [ 19.603088205856068, 41.612229524972633 ], [ 19.606678517099908, 41.620230745552533 ], [ 19.60828366665794, 41.625127452469997 ], [ 19.60678846011939, 41.631013383061259 ], [ 19.609977966010376, 41.63387567512234 ], [ 19.608046256429645, 41.636162571945192 ], [ 19.60570711978778, 41.64152485878526 ], [ 19.596947232029208, 41.640559892525062 ], [ 19.592628642597845, 41.644959204203985 ], [ 19.586066447908308, 41.647702319006896 ], [ 19.580402136349562, 41.640701682336839 ], [ 19.580783663835064, 41.638909516061346 ], [ 19.577407857986316, 41.636814205411326 ], [ 19.577394248545772, 41.629626519648241 ], [ 19.571397702242223, 41.630065533597531 ], [ 19.574225334431674, 41.633694405072788 ], [ 19.574637247311159, 41.638320058124236 ], [ 19.576063058563363, 41.643471666184496 ], [ 19.577880424741863, 41.646445729586787 ], [ 19.580026682410612, 41.645958874864263 ], [ 19.582667515093817, 41.6466336654114 ], [ 19.582545011667445, 41.649791526857761 ], [ 19.57895452527654, 41.651119226146811 ], [ 19.579347980040705, 41.650699818569748 ], [ 19.580530214508777, 41.650456019000046 ], [ 19.582125569239679, 41.647910462597849 ], [ 19.580620322669802, 41.646351703668245 ], [ 19.576503396314763, 41.646814176433168 ], [ 19.572892808955999, 41.639838590378702 ], [ 19.570628853838571, 41.641607332012825 ], [ 19.569107093017976, 41.648519199301631 ], [ 19.569353983899305, 41.6605869869 ], [ 19.572999766226303, 41.673723790520569 ], [ 19.577748698343783, 41.683537080272117 ], [ 19.578988132296502, 41.689456395496336 ], [ 19.581563524437172, 41.69693235894124 ], [ 19.58225544843026, 41.704385031743868 ], [ 19.582001641762417, 41.715933124514152 ], [ 19.580831425356255, 41.721617886058851 ], [ 19.576781808433736, 41.735120569558717 ], [ 19.575708624953108, 41.737160811122578 ], [ 19.571107873229835, 41.751478448871353 ], [ 19.573084634348447, 41.76279745823615 ], [ 19.57472455619336, 41.766154806399243 ], [ 19.580675582412255, 41.76840991758371 ], [ 19.585131778009213, 41.768464891341694 ], [ 19.590650048660848, 41.766992578844508 ], [ 19.589840268513626, 41.764801211606709 ], [ 19.591787818752891, 41.762001494373521 ], [ 19.588736803960387, 41.760423900942328 ], [ 19.582592877659238, 41.75919269308838 ], [ 19.573339059749856, 41.759078139244764 ], [ 19.572255505287387, 41.75380294544965 ], [ 19.576234095227335, 41.752183377061272 ], [ 19.580638268641223, 41.754548104811249 ], [ 19.588840841131969, 41.755675927502125 ], [ 19.596386229540883, 41.755511677122229 ], [ 19.608764583618665, 41.761694970346639 ], [ 19.609366957619045, 41.765552643739568 ], [ 19.608377503718884, 41.771701262703175 ], [ 19.612606664565988, 41.7743193366681 ], [ 19.615614772703623, 41.777949310712188 ], [ 19.617385214056412, 41.78336115289494 ], [ 19.61495751577678, 41.784615360910209 ], [ 19.611788589971525, 41.788427471051023 ], [ 19.60377453067008, 41.786276807129013 ], [ 19.604184218626813, 41.783201494453465 ], [ 19.609170260599114, 41.782619797665575 ], [ 19.60533517547799, 41.777568268860591 ], [ 19.60545749946408, 41.771922541791923 ], [ 19.599359586975424, 41.768511359311844 ], [ 19.596884362223591, 41.764117393203207 ], [ 19.594459823262298, 41.765242415405226 ], [ 19.599503669159049, 41.769796574152622 ], [ 19.600961984607977, 41.773664717452789 ], [ 19.602149322633181, 41.782149984634145 ], [ 19.601998782417922, 41.78907880774085 ], [ 19.600785891955411, 41.797534828969219 ], [ 19.598577252338373, 41.804438538507782 ], [ 19.596783953816441, 41.808010303932406 ], [ 19.592407197134492, 41.812063784016459 ], [ 19.585512967349587, 41.813519220735486 ], [ 19.585254661373597, 41.809665694116518 ], [ 19.580977840954631, 41.809099553801445 ], [ 19.577668841244076, 41.811368829308094 ], [ 19.574238721739675, 41.811326298569895 ], [ 19.571088873252961, 41.814110737220801 ], [ 19.567984491790924, 41.814842139653081 ], [ 19.557172029165883, 41.822664172113889 ], [ 19.531474229951812, 41.835942925625545 ], [ 19.526213899634307, 41.837808871472603 ], [ 19.522120999184835, 41.839673254117429 ], [ 19.514175019461618, 41.841880907178165 ], [ 19.509317094908056, 41.844128135804851 ], [ 19.504488720278289, 41.845092104716912 ], [ 19.476839663819476, 41.852942669068966 ], [ 19.462004484219619, 41.855953056988028 ], [ 19.445804292933815, 41.858558474793824 ], [ 19.437204478204137, 41.859211809777264 ], [ 19.415847379153263, 41.861999373572303 ], [ 19.410018376546873, 41.861662121509767 ], [ 19.403226723434614, 41.858616445092935 ], [ 19.403627408278339, 41.856311848712892 ], [ 19.398594290394215, 41.851621428286364 ], [ 19.395851920229973, 41.851454356733257 ], [ 19.378802318372323, 41.84685125508139 ], [ 19.373692488317715, 41.852041497117455 ], [ 19.375763680049829, 41.865161742420526 ], [ 19.37522545199306, 41.872854661013832 ], [ 19.378826727771298, 41.879836039601571 ], [ 19.381845621478305, 41.882702150184116 ], [ 19.382474086609875, 41.885021161797226 ], [ 19.378457751224289, 41.887659236684499 ], [ 19.370206660309179, 41.887927881266762 ], [ 19.368517139054745, 41.893550922037491 ], [ 19.366338901918823, 41.898140245176251 ], [ 19.364761277011382, 41.899401200804846 ], [ 19.351654191487796, 41.901395115592152 ], [ 19.343334936458177, 41.904227667073258 ], [ 19.342739479143688, 41.907299262850756 ], [ 19.345553697045546, 41.911446772450631 ], [ 19.35235462126883, 41.91423929600677 ], [ 19.36363858495281, 41.916454152637073 ], [ 19.369747189481245, 41.919493361129753 ], [ 19.37223194974473, 41.923122171451098 ], [ 19.372179759388416, 41.925174889309744 ], [ 19.368785517437743, 41.930260346837599 ], [ 19.363228637091993, 41.932491384070147 ], [ 19.355913642400708, 41.936237071183939 ], [ 19.352926021718588, 41.93876105537845 ], [ 19.350381506001725, 41.944114820242817 ], [ 19.351934687335984, 41.9505541531517 ], [ 19.351225716371768, 41.955315713445501 ], [ 19.351941864825278, 41.956971272806072 ], [ 19.357048777479122, 41.958969139214446 ], [ 19.368393139631735, 41.959130959626123 ], [ 19.379004517444571, 41.961078073694182 ], [ 19.383129910017374, 41.961136260729916 ], [ 19.387213235002832, 41.96286258404109 ], [ 19.389363257708226, 41.966229622399226 ], [ 19.38705787352211, 41.969020734919013 ], [ 19.38303187492113, 41.971787572038863 ], [ 19.376907969006886, 41.973956238341664 ], [ 19.376688894512984, 41.974126690966223 ], [ 19.378003223070323, 41.980187060984122 ], [ 19.382019390282665, 41.984607306182284 ], [ 19.381506463752373, 41.991273744887451 ], [ 19.382435054985848, 41.994579127184601 ], [ 19.384192750297473, 41.996755514104436 ], [ 19.39209914645852, 42.001047665017779 ], [ 19.395795719374771, 42.004563782454262 ], [ 19.39580190274615, 42.0045651016138 ], [ 19.396480743640677, 42.00470992543007 ], [ 19.399876116589553, 42.006546623627855 ], [ 19.40500452843628, 42.00790140912278 ], [ 19.409132997589836, 42.007958713024266 ], [ 19.413981435195126, 42.006742424923004 ], [ 19.416602443647889, 42.005110651835139 ], [ 19.419468988603001, 42.0005299343091 ], [ 19.419048882000368, 41.996673952540903 ], [ 19.412064616625436, 41.99272733252559 ], [ 19.411772659321393, 41.992246749026656 ], [ 19.411863274570521, 41.988104308267282 ], [ 19.416436180585322, 41.984060611907751 ], [ 19.420394510559035, 41.982194788827655 ], [ 19.426986169775944, 41.981766775016695 ], [ 19.431788204162331, 41.982345848482169 ], [ 19.434726739255353, 41.985927699301307 ], [ 19.439181745641122, 41.989505795556056 ], [ 19.439552479681804, 41.997162173085734 ], [ 19.443845961499051, 41.998448489744966 ], [ 19.451324304672994, 41.999552025005983 ], [ 19.459146561064983, 42.00337962327103 ], [ 19.460804817388464, 42.005968675214262 ], [ 19.460574363019344, 42.008364652912725 ], [ 19.460038272411413, 42.009212468028089 ], [ 19.459725053907167, 42.009707815975588 ], [ 19.464788268164114, 42.012053556526439 ], [ 19.466524024464206, 42.011435514537425 ], [ 19.470794027122679, 42.019962919453235 ], [ 19.472797301154571, 42.022556389765612 ], [ 19.472569346398245, 42.024863470073115 ], [ 19.474346136065378, 42.029764010800534 ], [ 19.480117516410303, 42.033177422699964 ], [ 19.482441351087516, 42.036801683351086 ], [ 19.484514793493027, 42.037479146836461 ], [ 19.488561081129035, 42.040090486986458 ], [ 19.491140420312433, 42.040198530292372 ], [ 19.489870481241379, 42.038953119617197 ], [ 19.488476130584544, 42.037195017978199 ], [ 19.489133903115803, 42.037136872227158 ], [ 19.489268482997417, 42.037240216659264 ], [ 19.491970545470913, 42.040567179752188 ], [ 19.492975378211213, 42.042715331947079 ], [ 19.496041167319053, 42.042022548803061 ], [ 19.497351927128488, 42.042437198086979 ], [ 19.498282937347359, 42.042731716363932 ], [ 19.499163143943051, 42.043160998030679 ], [ 19.494328102460031, 42.04375980457138 ], [ 19.486852130921136, 42.039554607059529 ], [ 19.483388537750841, 42.040407709348358 ], [ 19.486228576987287, 42.044038711317512 ], [ 19.491455725401465, 42.048727762975943 ], [ 19.492385373486229, 42.053103514215877 ], [ 19.489231964583553, 42.055372144908631 ], [ 19.484390306067837, 42.056206219341618 ], [ 19.47819575333142, 42.055996343656375 ], [ 19.473639832812069, 42.059272644017369 ], [ 19.472868169530443, 42.062727075793987 ], [ 19.475244805203658, 42.064170859997262 ], [ 19.471463100474079, 42.071015926017331 ], [ 19.473289359816135, 42.073898601739131 ], [ 19.472636761377487, 42.079536813173434 ], [ 19.472870424130804, 42.084160108202468 ], [ 19.471222365220001, 42.088244987216456 ], [ 19.466707005923638, 42.089724791965637 ], [ 19.465291924482756, 42.091245930455386 ], [ 19.470699100083436, 42.095681631402215 ], [ 19.470839929419242, 42.096966890309773 ], [ 19.476155791456677, 42.105251256140605 ], [ 19.477207086581704, 42.113339033172714 ], [ 19.476894614195146, 42.117581501884843 ], [ 19.474913527337492, 42.121148637599617 ], [ 19.474101040230892, 42.126271337852017 ], [ 19.47157099550509, 42.131114480249096 ], [ 19.466652131990372, 42.134898958720044 ], [ 19.464152170486329, 42.138458958314345 ], [ 19.462494625526574, 42.142800217855836 ], [ 19.45917006484666, 42.144809002933187 ], [ 19.458036053021488, 42.148900549520818 ], [ 19.450801322822826, 42.148546394700418 ], [ 19.447315627014632, 42.150039307967745 ], [ 19.445854752095158, 42.153356281966865 ], [ 19.438217988969086, 42.155305945612952 ], [ 19.435076482593672, 42.156803169330828 ], [ 19.435178749899421, 42.159627970454551 ], [ 19.433065241467773, 42.161395829853745 ], [ 19.434694720385096, 42.16526817478649 ], [ 19.434240315860194, 42.169703366365077 ], [ 19.432468912710192, 42.178584756481371 ], [ 19.428578964447695, 42.182381611422272 ], [ 19.419852070116974, 42.186368464333214 ], [ 19.410849775496786, 42.187527443137071 ], [ 19.40493620694042, 42.189369939970788 ], [ 19.399041710306733, 42.190443283530783 ], [ 19.396184184652441, 42.194253430451511 ], [ 19.390289119647207, 42.19532541153859 ], [ 19.389133375704773, 42.200058049739255 ], [ 19.383198401485117, 42.202669127877982 ], [ 19.378689268195217, 42.203504268007634 ], [ 19.371807791696256, 42.209310198506898 ], [ 19.369134146823455, 42.212608921664469 ], [ 19.365649655207449, 42.213842666505911 ], [ 19.358952340977794, 42.219137093202335 ], [ 19.358699391363871, 42.222213510245354 ], [ 19.360220156634966, 42.223518613593171 ], [ 19.3604790327812, 42.226859019428275 ], [ 19.357916179887866, 42.232469075787265 ], [ 19.357297875296751, 42.236310257412526 ], [ 19.362981716533056, 42.243578270620731 ], [ 19.362855644172669, 42.2484531761732 ], [ 19.364608053725945, 42.25059079321251 ], [ 19.369484555967517, 42.252654325836545 ], [ 19.371935534097645, 42.258079190202523 ], [ 19.376440897429518, 42.264303109401055 ], [ 19.380582723314092, 42.264489564941528 ], [ 19.383991108003272, 42.266334329865458 ], [ 19.383205131111936, 42.270045386785227 ], [ 19.388670365145288, 42.272560216780619 ], [ 19.393164749553591, 42.272495405338759 ], [ 19.394666665034606, 42.27456978696614 ], [ 19.393047397019814, 42.277113782874835 ], [ 19.388190825046593, 42.277815617396868 ], [ 19.387488750405566, 42.284992438450331 ], [ 19.393910592399948, 42.290729257849023 ], [ 19.397037948842296, 42.296933036730309 ], [ 19.401149533224441, 42.298401666503764 ], [ 19.404880049674603, 42.301276967258275 ], [ 19.407961627926852, 42.302475250932162 ], [ 19.408075653868366, 42.304786836843107 ], [ 19.413829321166304, 42.309743253348529 ], [ 19.414245374524455, 42.313855674999445 ], [ 19.417464639881302, 42.316466823285339 ], [ 19.422074721171498, 42.318840366189988 ], [ 19.421991358514447, 42.322175881511782 ], [ 19.424379581952223, 42.323492060909928 ], [ 19.426640004532658, 42.329939760211801 ], [ 19.430706576047669, 42.33333215765299 ], [ 19.429275448902899, 42.335237101611028 ], [ 19.420070611584077, 42.329824076129839 ], [ 19.416717283000025, 42.334785777000036 ], [ 19.413878039000053, 42.351059756000041 ], [ 19.417967488000045, 42.352548109000054 ], [ 19.422193411000023, 42.35548912400003 ], [ 19.424366117000034, 42.359334629000045 ], [ 19.422300265000047, 42.364655330000062 ], [ 19.422688694000044, 42.367601173000025 ], [ 19.424553961000072, 42.368852032000063 ], [ 19.42694718100006, 42.37352921300004 ], [ 19.429047384000057, 42.373844127000041 ], [ 19.432768491000047, 42.378400984000052 ], [ 19.43998659600004, 42.383513465000078 ], [ 19.442475813000044, 42.383485748000055 ], [ 19.447843687000045, 42.385859655000047 ], [ 19.454237854000041, 42.384136342000033 ], [ 19.461233502000027, 42.388039968000044 ], [ 19.465673277000064, 42.389841967000052 ], [ 19.46722326400004, 42.389227862000041 ], [ 19.472521177000033, 42.392400592000058 ], [ 19.472773307000068, 42.394516303000046 ], [ 19.478377378000062, 42.400127169000029 ], [ 19.478452872000048, 42.402899572000081 ], [ 19.48297149800004, 42.405545569000026 ], [ 19.484159212000066, 42.409162409000032 ], [ 19.487948688000074, 42.412976574000027 ], [ 19.492801878000023, 42.424614121000047 ], [ 19.498204055000031, 42.423901983000064 ], [ 19.498520024000072, 42.431682865000028 ], [ 19.502795614000036, 42.433922573000075 ], [ 19.503323855000076, 42.437320443000033 ], [ 19.516383093000059, 42.441121521000071 ], [ 19.51959495400007, 42.442736436000075 ], [ 19.518127517000039, 42.447079345000077 ], [ 19.518563459000063, 42.448903543000029 ], [ 19.524060014000042, 42.454709427000068 ], [ 19.531120646000034, 42.458492799000055 ], [ 19.534880675000068, 42.465585781000073 ], [ 19.536968589000026, 42.467439544000058 ], [ 19.53643321100003, 42.469795210000029 ], [ 19.545537441000022, 42.481080107000025 ], [ 19.548019670000031, 42.486611423000056 ], [ 19.552344045000041, 42.486856610000075 ], [ 19.558667504000027, 42.49485158300007 ], [ 19.562929129000054, 42.501207671000031 ], [ 19.561991199000033, 42.513919403000045 ], [ 19.585836502000063, 42.524192417000052 ], [ 19.601558963000059, 42.530282926000041 ], [ 19.603576611000051, 42.531388336000077 ], [ 19.604636661000029, 42.53485283100008 ], [ 19.607480117000023, 42.536381634000065 ], [ 19.606879303000028, 42.53845771500005 ], [ 19.612631650000026, 42.539891339000064 ], [ 19.615594079000061, 42.543061971000043 ], [ 19.614368657000057, 42.545423586000027 ], [ 19.615938487000051, 42.546859164000068 ], [ 19.61438124600005, 42.552351526000052 ], [ 19.611801218000039, 42.556640365000078 ], [ 19.613252690000024, 42.55829409100005 ], [ 19.609885752000025, 42.561982255000032 ], [ 19.612348494000059, 42.569774991000031 ], [ 19.610195472000044, 42.573335345000032 ], [ 19.610154203000036, 42.575454706000073 ], [ 19.619727548000071, 42.585273470000061 ], [ 19.627584487000036, 42.592609329000027 ], [ 19.627347863000068, 42.593241871000032 ], [ 19.636939632000065, 42.600882703000025 ], [ 19.650357976000066, 42.614748106000036 ], [ 19.662988812000037, 42.628731975000051 ], [ 19.668277703000058, 42.630054197000049 ], [ 19.676024205000033, 42.627840911000078 ], [ 19.679951024000047, 42.628188245000047 ], [ 19.683304748000069, 42.631418089000078 ], [ 19.685761569000022, 42.635632562000069 ], [ 19.688262724000026, 42.637782982000033 ], [ 19.692735546000051, 42.639334787000053 ], [ 19.69744733400006, 42.64210616500003 ], [ 19.699637507000034, 42.644415844000036 ], [ 19.699199437000061, 42.650638137000044 ], [ 19.70258100500007, 42.651890150000042 ], [ 19.704566677000059, 42.655249276000063 ], [ 19.706893760000071, 42.654550782000058 ], [ 19.713424281000073, 42.655717085000049 ], [ 19.714459235000049, 42.657517976000065 ], [ 19.723793164000028, 42.660673294000048 ], [ 19.727173931000038, 42.660775726000054 ], [ 19.733478707000074, 42.656084762000035 ], [ 19.737699291000069, 42.646098218000077 ], [ 19.737396343000057, 42.64306932900007 ], [ 19.743268024000031, 42.641177400000061 ], [ 19.748947229000066, 42.640886678000072 ], [ 19.752608164000037, 42.639888280000037 ], [ 19.756680427000049, 42.636325248000048 ], [ 19.757297945000062, 42.634580069000037 ], [ 19.751514512000028, 42.630931347000057 ], [ 19.749401551000062, 42.628818385000045 ], [ 19.749810818000071, 42.624259338000059 ], [ 19.753703616000053, 42.620100040000068 ], [ 19.751778308000041, 42.613505501000077 ], [ 19.760458468000024, 42.610468766000054 ], [ 19.76176838400005, 42.605909774000054 ], [ 19.766768616000036, 42.599032494000028 ], [ 19.770606138000062, 42.596472859000073 ], [ 19.774313205000055, 42.592800190000048 ], [ 19.775642303000041, 42.586435370000061 ], [ 19.77486654300003, 42.582150016000071 ], [ 19.771459210000046, 42.581369849000055 ], [ 19.767879991000029, 42.583060756000066 ], [ 19.761010369000076, 42.582889507000061 ], [ 19.758768, 42.58014948400006 ], [ 19.751542229000052, 42.581439171000056 ], [ 19.753114168000025, 42.576986573000056 ], [ 19.748685430000023, 42.57582319100004 ], [ 19.748049310000056, 42.572389377000036 ], [ 19.751246282000068, 42.569789311000079 ], [ 19.754378861000077, 42.564976179000041 ], [ 19.752827430000025, 42.561687558000074 ], [ 19.748649800000067, 42.556705160000035 ], [ 19.749650595000048, 42.550886156000047 ], [ 19.744123084000023, 42.547111957000027 ], [ 19.743576932000053, 42.544892662000052 ], [ 19.747392426000033, 42.538990528000056 ], [ 19.748032275000071, 42.53619862000005 ], [ 19.753451432000077, 42.532594965000044 ], [ 19.752408453000044, 42.529141503000062 ], [ 19.75450115700005, 42.525629173000027 ], [ 19.758579590000068, 42.523052999000072 ], [ 19.760043185000029, 42.519853846000046 ], [ 19.760077129000024, 42.516064393000079 ], [ 19.761638357000038, 42.513593595000032 ], [ 19.761342232000061, 42.508551649000026 ], [ 19.76654714700004, 42.501617914000065 ], [ 19.780765235000047, 42.496707383000057 ], [ 19.785416127000076, 42.491172685000038 ], [ 19.788268573000039, 42.486826668000049 ], [ 19.792683845000056, 42.481350990000067 ], [ 19.803002226000046, 42.477840548000074 ], [ 19.807314345000066, 42.47331921500006 ], [ 19.830219175000025, 42.466592435000052 ], [ 19.834438549000026, 42.468731946000048 ], [ 19.839466194000067, 42.473880192000081 ], [ 19.837131756000076, 42.479331993000073 ], [ 19.842579665000073, 42.479504162000069 ], [ 19.849151734000031, 42.477735252000059 ], [ 19.853203553000071, 42.48173558700006 ], [ 19.854132919000051, 42.484781407000071 ], [ 19.861351196000044, 42.483076352000069 ], [ 19.864698993000047, 42.481255306000037 ], [ 19.87238344900004, 42.485303701000078 ], [ 19.87260163600007, 42.489329914000052 ], [ 19.875259289000041, 42.490669515000036 ], [ 19.876029659000039, 42.495315819000041 ], [ 19.881554767000068, 42.495258712000066 ], [ 19.885480878000067, 42.494273614000065 ], [ 19.888840970000047, 42.489731187000075 ], [ 19.892927438000072, 42.488017122000031 ], [ 19.894536938000044, 42.485544357000038 ], [ 19.899009343000046, 42.485086145000025 ], [ 19.900362187000042, 42.491927496000073 ], [ 19.902984003000029, 42.497981173000028 ], [ 19.906021346000045, 42.507502085000056 ], [ 19.912061178000044, 42.506989615000066 ], [ 19.918470890000037, 42.508512041000074 ], [ 19.922300062000033, 42.511552067000025 ], [ 19.931213032000073, 42.515302234000046 ], [ 19.943040011000051, 42.518345816000078 ], [ 19.947329126000056, 42.51451647600004 ], [ 19.949922010000023, 42.513938501000041 ], [ 19.951950726000064, 42.511534809000068 ], [ 19.961219241000038, 42.511549066000043 ], [ 19.966303864000054, 42.51006847900004 ], [ 19.971698679000042, 42.512181458000043 ], [ 19.974751343000037, 42.512117942000032 ], [ 19.981951880000054, 42.513504063000028 ], [ 19.984118754000065, 42.51216985700006 ], [ 19.993252923000057, 42.512350542000036 ], [ 20.002993796000055, 42.508432154000047 ], [ 20.003807407000068, 42.510685867000063 ], [ 20.007381953000049, 42.512541636000037 ], [ 20.009375521000038, 42.519780208000043 ], [ 20.011922993000042, 42.522386028000028 ], [ 20.011996447000058, 42.525745789000041 ], [ 20.013827002000028, 42.526806824000062 ], [ 20.015973224000049, 42.530688159000078 ], [ 20.013513138000064, 42.537074249000057 ], [ 20.014905127000077, 42.541674636000039 ], [ 20.017482858000051, 42.544087872000034 ], [ 20.026200937000056, 42.543471030000035 ], [ 20.03000299200005, 42.545160457000065 ], [ 20.037367902000028, 42.54699473900007 ], [ 20.04064786400005, 42.548628889000042 ], [ 20.049833159000059, 42.550099042000056 ], [ 20.052115191000041, 42.553999716000078 ], [ 20.054395405000037, 42.555616039000029 ], [ 20.056901023000023, 42.559570935000067 ], [ 20.072780404000071, 42.555386024000029 ], [ 20.078423809000071, 42.555944996000051 ], [ 20.084638940000048, 42.552240242000039 ], [ 20.087148298000045, 42.551696866000043 ], [ 20.089873068000031, 42.548295506000045 ], [ 20.089514177000069, 42.545471872000064 ], [ 20.095769975000053, 42.541510515000027 ], [ 20.098346291000041, 42.536332344000073 ], [ 20.097986638000066, 42.534235183000078 ], [ 20.104010794000033, 42.530894286000034 ], [ 20.114078, 42.527143 ], [ 20.121858384000063, 42.525703943000053 ], [ 20.12302167200005, 42.522016259000054 ], [ 20.129159904000062, 42.520825367000043 ], [ 20.137249001000043, 42.51850822800003 ], [ 20.141704296000057, 42.51608555200005 ], [ 20.14952706400004, 42.514466323000079 ], [ 20.153971114000058, 42.512111254000047 ], [ 20.156247513000039, 42.509286700000075 ], [ 20.159642056000052, 42.508921362000081 ], [ 20.161335487000031, 42.507020957000066 ], [ 20.165205239000045, 42.506625487000065 ], [ 20.167460541000025, 42.501380743000027 ], [ 20.165980146000038, 42.499657470000045 ], [ 20.169708184000058, 42.491480979000073 ], [ 20.180262, 42.486587 ], [ 20.180106508000051, 42.480225389000054 ], [ 20.18312045600004, 42.474018624000053 ], [ 20.189321547000077, 42.470253543000069 ], [ 20.193735787000037, 42.46439798800003 ], [ 20.196792027000072, 42.46234557400004 ], [ 20.195202, 42.459355 ], [ 20.191870269000049, 42.456311698000036 ], [ 20.192904044000045, 42.452614851000078 ], [ 20.200175140000056, 42.448006038000074 ], [ 20.203030969000054, 42.447429169000031 ], [ 20.209888889000069, 42.441815908000081 ], [ 20.211036979000028, 42.438163436000025 ], [ 20.217655715000035, 42.436641362000046 ], [ 20.220566280000071, 42.433839164000062 ], [ 20.222948638000048, 42.425884262000068 ], [ 20.226205, 42.422393 ], [ 20.227611404000072, 42.419425559000047 ], [ 20.225138317000074, 42.413742477000028 ], [ 20.213994332000027, 42.409619776000056 ], [ 20.212182147000078, 42.407474213000057 ], [ 20.211138119000054, 42.403244602000029 ], [ 20.208143782000036, 42.401331289000041 ], [ 20.209841322000045, 42.398231035000038 ], [ 20.212421, 42.397951 ], [ 20.219198, 42.39356 ], [ 20.221114904000046, 42.393441214000063 ], [ 20.227227035000055, 42.388128516000052 ], [ 20.233688572000062, 42.385090945000059 ], [ 20.235545427000034, 42.381472778000045 ], [ 20.239233592000062, 42.381127756000069 ], [ 20.241716148000023, 42.376343967000025 ], [ 20.240744550000045, 42.373596762000034 ], [ 20.244712573000072, 42.370647955000038 ], [ 20.246153419000052, 42.367618511000046 ], [ 20.245019637000041, 42.365735747000031 ], [ 20.246857589000058, 42.360114773000078 ], [ 20.245331817000078, 42.358077786000081 ], [ 20.244674834000023, 42.352614219000031 ], [ 20.240955763000045, 42.351619888000073 ], [ 20.236080167000068, 42.34722054100007 ], [ 20.242557458000078, 42.341746 ], [ 20.245894660000033, 42.33733761700006 ], [ 20.247816405000037, 42.332786838000061 ], [ 20.243314367000039, 42.329445862000057 ], [ 20.242654018000053, 42.327007972000047 ], [ 20.248114011000041, 42.322720394000044 ], [ 20.255389867000076, 42.322676686000079 ], [ 20.257579236000026, 42.31901192600003 ], [ 20.263389924000023, 42.318887376000077 ], [ 20.266134266000051, 42.319792806000066 ], [ 20.27038983500006, 42.31944849000007 ], [ 20.28351536100007, 42.32223609600004 ], [ 20.286287433000041, 42.323485312000059 ], [ 20.292777742000055, 42.323428632000059 ], [ 20.294216504000076, 42.320921584000075 ], [ 20.300274277000028, 42.318622445000074 ], [ 20.305505437000022, 42.314910502000032 ], [ 20.308866357000056, 42.315273316000059 ], [ 20.310938007000061, 42.318439822000073 ], [ 20.315487, 42.321054 ], [ 20.321412270000053, 42.322187275000033 ], [ 20.324169, 42.325826 ], [ 20.327332181000031, 42.327730015000043 ], [ 20.339169968000078, 42.327670113000067 ], [ 20.340708913000071, 42.32625783800006 ], [ 20.345779426000036, 42.32494577500006 ], [ 20.348436761000073, 42.320594176000043 ], [ 20.354020418000061, 42.317103326000051 ], [ 20.354769989000033, 42.314641366000046 ], [ 20.35339465900006, 42.309628708000048 ], [ 20.35810340200004, 42.308969371000046 ], [ 20.361803318000057, 42.308501897000042 ], [ 20.364096858000039, 42.306693107000058 ], [ 20.368794, 42.305498 ], [ 20.373952271000064, 42.305812572000036 ], [ 20.383162046000052, 42.301853011000048 ], [ 20.386672300000043, 42.300955916000078 ], [ 20.389993639000068, 42.298347972000045 ], [ 20.394679193000059, 42.298657868000078 ], [ 20.402393233000055, 42.286318132000076 ], [ 20.40477269400003, 42.284866661000081 ], [ 20.409150902000079, 42.284795276000068 ], [ 20.412791477000042, 42.28326052400007 ], [ 20.424041604000024, 42.281999664000068 ], [ 20.424997548000078, 42.278481484000054 ], [ 20.427195, 42.277548 ], [ 20.441650586000037, 42.277416130000063 ], [ 20.444330828000034, 42.274785555000051 ], [ 20.44920326700003, 42.273406288000047 ], [ 20.456359192000036, 42.272331736000069 ], [ 20.46130075800005, 42.26910235400004 ], [ 20.463840559000062, 42.265460222000058 ], [ 20.475383654000041, 42.258746977000044 ], [ 20.476896891000024, 42.253456584000048 ], [ 20.48974817900006, 42.246002597000029 ], [ 20.49018245600007, 42.243831809000028 ], [ 20.495373359000041, 42.242098379000026 ], [ 20.497631335000051, 42.239863433000039 ], [ 20.502246263000075, 42.22815001500004 ], [ 20.509012, 42.224752 ], [ 20.514108, 42.224343 ], [ 20.515296, 42.220628 ], [ 20.51782, 42.216999 ], [ 20.523884, 42.211524 ], [ 20.525133032000042, 42.207178501000044 ], [ 20.531488, 42.185941 ], [ 20.536959, 42.176823 ], [ 20.539683839000077, 42.17352905100006 ], [ 20.542703377000066, 42.171531325000046 ], [ 20.542668430000049, 42.166409895000072 ], [ 20.547048, 42.164371 ], [ 20.543066, 42.160665 ], [ 20.548597598000072, 42.154118684000025 ], [ 20.558127490000061, 42.147149216000059 ], [ 20.558757842000034, 42.145258163000051 ], [ 20.555462289000047, 42.140291038000043 ], [ 20.562190178000037, 42.132835942000042 ], [ 20.567143460000068, 42.124842651000051 ], [ 20.568389289000038, 42.120932426000024 ], [ 20.567629042000078, 42.118064944000025 ], [ 20.565097029000071, 42.11626637300003 ], [ 20.561903096000037, 42.111018318000049 ], [ 20.560220786000059, 42.106906559000038 ], [ 20.56563417600006, 42.099763758000051 ], [ 20.566968107000037, 42.098879728000043 ], [ 20.567339914000058, 42.097616745000039 ], [ 20.563787042000058, 42.094915016000073 ], [ 20.562551964000022, 42.092112816000053 ], [ 20.557618269000045, 42.087803803000043 ], [ 20.556282029000045, 42.085664209000072 ], [ 20.554591, 42.082592 ], [ 20.559102864000067, 42.078585665000048 ], [ 20.557764, 42.075197 ], [ 20.561196, 42.071859 ], [ 20.569952, 42.060682 ], [ 20.570394, 42.058694 ], [ 20.575898, 42.058131 ], [ 20.576926, 42.056831 ], [ 20.589298, 42.046493 ], [ 20.594720690000031, 42.042774509000026 ], [ 20.595504821000077, 42.03866313900005 ], [ 20.594538397000065, 42.036059396000041 ], [ 20.595786, 42.032147 ], [ 20.597206738000068, 42.020309015000066 ], [ 20.601547, 42.017026 ], [ 20.605638, 42.005728 ], [ 20.607137, 42.000139 ], [ 20.608988, 41.997234 ], [ 20.609854836000068, 41.99151168800006 ], [ 20.611755577000054, 41.989741350000031 ], [ 20.611624707000033, 41.986683743000071 ], [ 20.617097468000054, 41.980628015000036 ], [ 20.622391768000057, 41.977665586000057 ], [ 20.624319132000039, 41.974215367000056 ], [ 20.624533283000062, 41.96861173700006 ], [ 20.626424954000072, 41.962829646000046 ], [ 20.625223327000072, 41.957761395000034 ], [ 20.623165093000068, 41.954763274000072 ], [ 20.621547060000069, 41.949659330000031 ], [ 20.621963465000078, 41.946673106000048 ], [ 20.620821324000076, 41.942021260000047 ], [ 20.618073046000063, 41.938511555000048 ], [ 20.613671043000068, 41.936679369000046 ], [ 20.605949693000071, 41.931087637000076 ], [ 20.601654765000035, 41.929350630000044 ], [ 20.59106616400004, 41.92706634700005 ], [ 20.589793152000027, 41.92277142100005 ], [ 20.585284074000072, 41.917322454000043 ], [ 20.582738051000035, 41.916537233000042 ], [ 20.575187188000029, 41.916820375000043 ], [ 20.574785835000057, 41.916463677000024 ], [ 20.58232, 41.901383 ], [ 20.586572552000064, 41.894659278000063 ], [ 20.586686766000071, 41.892089461000069 ], [ 20.590608118000034, 41.88662621800006 ], [ 20.593368293000026, 41.884532292000074 ], [ 20.593101793000073, 41.881543689000068 ], [ 20.594384038000044, 41.877167931000031 ], [ 20.59264723900003, 41.876351748000047 ], [ 20.582870798000044, 41.87591784500006 ], [ 20.577018679000048, 41.874512282000069 ], [ 20.573735524000028, 41.875114508000081 ], [ 20.571042884000065, 41.874130027000035 ], [ 20.570130900000038, 41.871910440000079 ], [ 20.564386560000059, 41.869221792000076 ], [ 20.558319519000065, 41.861092064000047 ], [ 20.560475330000031, 41.858515625000052 ], [ 20.562303996000026, 41.847018493000064 ], [ 20.56380230700006, 41.843314186000043 ], [ 20.562697184000058, 41.837190193000026 ], [ 20.561284623000063, 41.835838420000073 ], [ 20.561220208000066, 41.826944361000074 ], [ 20.559922562000054, 41.82476670300008 ], [ 20.562088274000075, 41.823495987000058 ], [ 20.565068494000059, 41.814113237000072 ], [ 20.567178703000025, 41.811968006000029 ], [ 20.566474658000061, 41.809286058000055 ], [ 20.569518588000051, 41.806979200000058 ], [ 20.569090473000074, 41.801188805000038 ], [ 20.573366195000062, 41.797719659000052 ], [ 20.572124984000027, 41.794195330000036 ], [ 20.573298014000045, 41.788216480000074 ], [ 20.563844141000061, 41.786096762000057 ], [ 20.554782272000068, 41.789043566000032 ], [ 20.547304761000078, 41.789656527000034 ], [ 20.548011491000068, 41.784845769000071 ], [ 20.545667007000077, 41.78071938800008 ], [ 20.542349429000069, 41.779451626000025 ], [ 20.538520328000061, 41.779615558000046 ], [ 20.531654036000077, 41.776676461000079 ], [ 20.534141233000071, 41.773986373000071 ], [ 20.53500284200004, 41.769302628000048 ], [ 20.534314117000065, 41.766520581000066 ], [ 20.531179528000052, 41.764490260000059 ], [ 20.528474005000078, 41.762735083000052 ], [ 20.527599554000062, 41.756072700000061 ], [ 20.524398561000055, 41.755351183000073 ], [ 20.522625465000033, 41.751994837000041 ], [ 20.520543738000072, 41.75161109000004 ], [ 20.519468267000036, 41.747951463000049 ], [ 20.51948, 41.741351224000027 ], [ 20.519157945000075, 41.735302152000031 ], [ 20.516074183000057, 41.733409108000046 ], [ 20.514554782000062, 41.730396306000046 ], [ 20.514683210000044, 41.723672036000039 ], [ 20.517650114000048, 41.714987246000078 ], [ 20.521538692000036, 41.711909467000055 ], [ 20.521986885000047, 41.71036665500003 ], [ 20.527245672000049, 41.704730066000025 ], [ 20.527218043000062, 41.700462866000066 ], [ 20.528386897000075, 41.696424748000027 ], [ 20.527439292000054, 41.690630504000069 ], [ 20.529522347000068, 41.689341619000061 ], [ 20.529683423000051, 41.686763815000063 ], [ 20.525662066000052, 41.678924593000033 ], [ 20.524370799000053, 41.673229288000073 ], [ 20.520473471000059, 41.666032415000075 ], [ 20.516519035000044, 41.661938869000039 ], [ 20.521230450000076, 41.656141471000069 ], [ 20.526511152000069, 41.652123221000068 ], [ 20.526150495000024, 41.649125715000025 ], [ 20.527485824000053, 41.647073634000037 ], [ 20.525867138000024, 41.64046748100003 ], [ 20.525291407000054, 41.635999218000052 ], [ 20.529028102000041, 41.633908915000063 ], [ 20.532757233000041, 41.633011388000057 ], [ 20.539188197000044, 41.62707140200007 ], [ 20.540340220000076, 41.62479524500003 ], [ 20.544752970000047, 41.621704971000042 ], [ 20.542182534000062, 41.619689323000046 ], [ 20.546764556000028, 41.614356649000058 ], [ 20.547421096000051, 41.607336202000056 ], [ 20.553093284000056, 41.603873570000076 ], [ 20.555305348000047, 41.600679309000043 ], [ 20.553407228000026, 41.598170775000028 ], [ 20.553134211000042, 41.595195274000048 ], [ 20.555536902000028, 41.591975594000075 ], [ 20.556064562000074, 41.585522098000069 ], [ 20.557551764000038, 41.581574058000058 ], [ 20.551967947000037, 41.580381125000031 ], [ 20.54922287100004, 41.578138117000037 ], [ 20.541838480000024, 41.578106158000026 ], [ 20.534731745000045, 41.572386339000047 ], [ 20.528165160000071, 41.568970255000067 ], [ 20.525546658000053, 41.566199071000028 ], [ 20.522232995000024, 41.565610823000043 ], [ 20.518031882000059, 41.563306533000059 ], [ 20.509018926000067, 41.564439856000035 ], [ 20.493773672000032, 41.561112024000067 ], [ 20.48931916600003, 41.558917258000065 ], [ 20.48100239200005, 41.558274572000073 ], [ 20.470535190000078, 41.558835491000025 ], [ 20.46185618800007, 41.555878784000072 ], [ 20.456396635000033, 41.553011211000069 ], [ 20.459114609000039, 41.54828550700006 ] ] ], [ [ [ 19.614315977200647, 41.782554094096213 ], [ 19.613209366818865, 41.778176986678659 ], [ 19.611036888941328, 41.775583823035049 ], [ 19.607929252832776, 41.776572970266443 ], [ 19.608188839443415, 41.780426485194198 ], [ 19.614315977200647, 41.782554094096213 ] ] ], [ [ [ 19.455737364287984, 42.002050401005249 ], [ 19.447190055576641, 41.999752842719545 ], [ 19.442361521766884, 42.000200770749018 ], [ 19.438967057506567, 41.998290143437728 ], [ 19.438818096755124, 41.998199684207563 ], [ 19.436758443247584, 41.990114064612442 ], [ 19.434353942080804, 41.989953399829574 ], [ 19.432679055247952, 41.987030379940713 ], [ 19.428680437652133, 41.982816704727213 ], [ 19.424265780413723, 41.984017877639623 ], [ 19.417958974726957, 41.985108333782648 ], [ 19.413194389909222, 41.989919480099957 ], [ 19.413474601571636, 41.99249015349784 ], [ 19.419434152464191, 41.995010389318054 ], [ 19.421965775500212, 41.996970775580905 ], [ 19.421558370022808, 41.999531971023714 ], [ 19.418132089724224, 42.005901783640468 ], [ 19.415679306654738, 42.007664704862293 ], [ 19.41012677273244, 42.00951255985683 ], [ 19.404966059935759, 42.009440948640929 ], [ 19.396413245574877, 42.007397115184745 ], [ 19.391690248104279, 42.002676262485728 ], [ 19.388409201220668, 42.000884979351802 ], [ 19.381218852149527, 41.996545062067327 ], [ 19.378847415000052, 41.997731183000042 ], [ 19.379140254000049, 42.001260128000069 ], [ 19.373620617000029, 42.004990201000055 ], [ 19.372870457000033, 42.01247939700005 ], [ 19.371324909000066, 42.014599825000062 ], [ 19.371422349000056, 42.018852044000027 ], [ 19.372778642000071, 42.022373647000052 ], [ 19.369900088000065, 42.024467222000055 ], [ 19.369184668000059, 42.030925343000035 ], [ 19.371374761000027, 42.032819481000047 ], [ 19.370666426000071, 42.038574398000037 ], [ 19.372926053000072, 42.041748350000034 ], [ 19.374660047000077, 42.046301355000026 ], [ 19.379022165000038, 42.05175110600004 ], [ 19.377972285000055, 42.054868481000028 ], [ 19.377383713000029, 42.057443239000065 ], [ 19.376987726000038, 42.05927020200005 ], [ 19.378647521000062, 42.064331131000074 ], [ 19.378445080000063, 42.07228413200005 ], [ 19.384557431000076, 42.078685243000052 ], [ 19.384748906761654, 42.078887002189809 ], [ 19.385790205182712, 42.077679329664655 ], [ 19.389507034122403, 42.07647454516416 ], [ 19.391969710633703, 42.074455676888022 ], [ 19.397187314542975, 42.072475273515124 ], [ 19.407238703403493, 42.070048480852734 ], [ 19.414145372610903, 42.069374119719896 ], [ 19.41896021783981, 42.069697244332417 ], [ 19.427282244579999, 42.067501524375928 ], [ 19.444654015070796, 42.061450177883444 ], [ 19.456060607610993, 42.059807485227338 ], [ 19.466808871232445, 42.056871472140756 ], [ 19.471644656275942, 42.056293839389241 ], [ 19.476501817305063, 42.054818363976381 ], [ 19.486824864376047, 42.055211637507114 ], [ 19.490835435107272, 42.053083140074932 ], [ 19.489869421136916, 42.050246968822591 ], [ 19.48398547714811, 42.044265777543671 ], [ 19.481832805039971, 42.04064381645901 ], [ 19.481541204662495, 42.037527810058819 ], [ 19.478897528569259, 42.035694423131083 ], [ 19.47864789658346, 42.035505386521052 ], [ 19.478046271618211, 42.033406649996948 ], [ 19.473147087068469, 42.029491384020218 ], [ 19.47153692379004, 42.024849723935688 ], [ 19.468562839703338, 42.01967648718022 ], [ 19.468642890157298, 42.016340720947539 ], [ 19.466462374139326, 42.014001487178916 ], [ 19.45898604901123, 42.010631147280023 ], [ 19.456472733629823, 42.007193891784709 ], [ 19.456903606916001, 42.003606167890382 ], [ 19.455737364287984, 42.002050401005249 ] ] ] ] } }
]
}
